,AAN,AAOI,AAON,AAT,AAWW,AAXN,ABCB,ABG,ABM,ACC,ACHC,ACIW,ACLS,ACM,ACOR,ACXM,ADC,ADNT,ADTN,AEGN,AEIS,AEL,AEO,AFG,AGCO,AGYS,AHH,AHL,AIN,AIR,AIT,AJRD,AKR,AKRX,AKS,ALE,ALEX,ALG,ALGT,ALRM,AMAG,AMBC,AMCX,AMED,AMN,AMPH,AMSF,AMWD,AN,ANDE,ANF,ANGO,ANIK,ANIP,APEI,APOG,APY,ARCB,ARI,AROC,ARR,ARW,ASB,ASGN,ASH,ASIX,ASNA,ASRT,ASTE,ATGE,ATI,ATNI,ATO,ATR,ATU,AVA,AVAV,AVD,AVNS,AVP,AVT,AWR,AXE,AXL,AYI,AZZ,B,BABY,BANC,BANR,BBBY,BC,BCC,BCEI,BCO,BCOR,BCPC,BDC,BEAT,BEL,BELFB,BFS,BGFV,BGG,BGS,BHE,BHLB,BID,BIG,BIO,BJRI,BKE,BKH,BKS,BLD,BLKB,BMI,BMS,BNED,BOFI,BOH,BPFH,BRC,BRKL,BRKS,BRO,BRS,BXS,BYD,CABO,CACI,CAKE,CAL,CALM,CAMP,CAR,CARS,CASH,CASY,CATM,CATO,CATY,CBB,CBL,CBM,CBRL,CBSH,CBT,CBU,CC,CCMP,CCOI,CCRN,CDK,CDR,CECO,CEIX,CENT,CENTA,CENX,CEVA,CFR,CGNX,CHCO,CHCT,CHDN,CHE,CHK,CHS,CHSP,CHUY,CIEN,CIR,CJ,CKH,CLB,CLD,CLDT,CLGX,CLH,CLI,CLW,CMC,CMD,CMO,CMP,CMTL,CNK,CNMD,CNO,CNSL,CNX,COHR,COHU,COKE,COLB,CONE,COR,CORE,CORT,CPE,CPF,CPS,CPSI,CPT,CR,CRAY,CREE,CRI,CRL,CROX,CRR,CRS,CRUS,CRVL,CRY,CRZO,CSGS,CSL,CTB,CTLT,CTRE,CTRL,CTS,CUB,CUBI,CUTR,CUZ,CVBF,CVCO,CVG,CVGW,CVLT,CW,CWT,CXW,CY,CYH,CYTK,DAKT,DAN,DAR,DBD,DCI,DCOM,DDD,DDS,DEA,DECK,DEI,DF,DFIN,DGII,DIN,DIOD,DKS,DLPH,DLX,DNB,DNKN,DNOW,DNR,DO,DORM,DPLO,DPZ,DRH,DRQ,DSPG,DSW,DXPE,DY,EAT,EBIX,EBS,ECHO,ECOL,ECPG,EDR,EE,EFII,EGHT,EGL,EGN,EGOV,EGP,EGRX,EHC,EHTH,EIG,ELY,EME,ENDP,ENR,ENS,ENSG,ENTA,ENVA,EPAY,EPC,EPR,ERA,ERI,ESE,ESIO,ESL,ESND,ETH,EV,EVR,EVTC,EWBC,EXEL,EXLS,EXP,EXPO,EXPR,EXTN,EXTR,EZPW,FAF,FARO,FBP,FCF,FCFS,FCN,FCPT,FDS,FELE,FF,FFBC,FFIN,FHN,FICO,FII,FIVE,FIX,FLO,FLOW,FMBI,FN,FR,FNB,FNSR,FORM,FORR,FOSL,FOXF,FR,FRAN,FRGI,FSB,FSLR,FSP,FSS,FTK,FTNT,FTR,FUL,FULT,FWRD,GATX,GBCI,GBX,GCI,GCO,GDOT,GEF,GEO,GEOS,GES,GFF,GGG,GHC,GHL,GIFI,GIII,GLT,GME,GMED,GNBC,GNL,GNTX,GNW,GOV,GPI,GPOR,GPRE,GTLS,GTY,GVA,GWB,GWR,HA,HAE,HAFC,HAIN,HAYN,HBHC,HCI,HCSG,HE,HELE,HFWA,HI,HIBB,HIW,HLIT,HLX,HMN,HMST,HMSY,HNI,HOMB,HOPE,HPR,HPT,HQY,HR,HRC,HSC,HSII,HSKA,HSTM,HT,HTLD,HUBB,HUBG,HVT,HWC,HWKN,HYH,HZO,IART,IBKR,IBOC,IBP,ICUI,IDA,IDCC,IEX,IIIN,IIVI,ILG,INDB,INGN,INGR,INN,INT,INTL,INVA,IOSP,IPAR,IPHS,IRBT,IRDM,IRT,ISCA,ITG,ITGR,ITRI,ITT,IVC,IVR,JACK,JBGS,JBL,JHG,JBLU,JBSS,JBT,JCOM,JCP,JHG,JJSF,JKHY,JLL,JRVR,KALU,KAMN,KBH,KBR,KELYA,KEM,KEX,KEYS,KFY,KIRK,KLIC,KLXI,KMPR,KMT,KN,KNX,KOP,KOPN,KRA,KRC,KRG,KS,KWR,LABL,LAD,LAMR,LANC,LCI,LCII,LDL,LDOS,LECO,LFUS,LGIH,LGND,LHCG,LHO,LII,LION,LITE,LIVN,LKSD,LL,LM,LMAT,LMNX,LNN,LNTH,LOCO,LOGM,LPNT,LPSN,LPT,LPX,LQDT,LSI,LSTR,LTC,LTXB,LW,LXP,LXU,LYV,LZB,MAN,MANH,MANT,MASI,MATW,MATX,MCRI,MCS,MCY,MD,MDC,MDCO,MDP,MDR,MDRX,MDSO,MDU,MDXG,MED,MEI,MGLN,MGPI,MHLD,MHO,MIK,MINI,MKSI,MKTX,MLHR,MLI,MMS,MMSI,MNK,MNRO,MNTA,MOH,MOV,MPAA,MPW,MPWR,MSA,MSM,MSTR,MTDR,MTH,MTRN,MTRX,MTSC,MTX,MUR,MUSA,MXL,MYE,MYGN,MYRG,NANO,NATI,NAVG,NAVI,NBHC,NBR,NBTB,NCI,NCR,NDSN,NE,NEOG,NEU,NEWM,NFBK,NFG,NGVT,NJR,NLS,NMIH,NNN,NP,NPK,NPO,NR,NSA,NSIT,NSP,NTCT,NTGR,NUS,NUVA,NVR,NVT,NWBI,NWE,NWN,NX,NYCB,NYMT,NYT,OAS,OCLR,ODFL,ODP,OFC,OFG,OFIX,OGE,OGS,OHI,OII,OLLI,OLN,OI,OII,OIS,OLLI,OLN,OMCL,OMI,ONB,OPB,ORI,ORIT,ORN,OSIS,OSK,OSPN,OSUR,OXM,OZK,PACW,PAHC,PARR,PATK,PB,PBF,PAY,PB,PBH,PBI,PCH,PDCE,PDCO,PDFS,PEI,PENN,PERY,PES,PETS,PFBC,PFS,PGNX,PGTI,PII,PJC,PKE,PLAB,PLAY,PLCE,PLT,PLUS,PLXS,PMT,PNFP,PNM,POL,POOL,POST,POWI,POWL,PPBI,PRA,PRAA,PRAH,PRFT,PRGS,PRI,PRLB,PRSC,PRSP,PSB,PTC,PTEN,PUMP,PVAC,PZZA,QEP,QHC,QLYS,QNST,R,RAVN,RBC,RCII,RECN,REGI,REI,REX,RGA,RGEN,RGLD,RGNX,RGR,RGS,RH,RIG,RLI,RMAX,RMBS,RNR,ROCK,ROG,ROIC,ROL,RPM,RPT,RRC,RRD,RRGB,RS,RTEC,RUTH,RWT,RYAM,RYN,SABR,SAFM,SAFT,SAH,SAIA,SAIC,SAM,SANM,SBCF,SBH,SBNY,SBRA,SBSI,SCHL,SCI,SCL,SCSC,SCVL,SEDG,SEIC,SEM,SENEA,SF,SFBS,SFLY,SFM,SFNC,SGMS,SHAK,SHOO,SIG,SIGI,SIX,SJI,SKT,SKX,SKYW,SLAB,SLCA,SLGN,SLM,SM,SMG,SMP,SMTC,SNBR,SNH,SNV,SNX,SON,SONC,SPN,SPOK,SPPI,SPSC,SPTN,SPXC,SR,SRCI,SRDX,SSD,SSP,SSTK,STAR,STBA,STC,STE,STL,STLD,STMP,STRA,SUP,SUPN,SVU,SWM,SWN,SWX,SXC,SXI,SXT,SYKE,SYNA,SYNH,TBI,TCF,TCBI,TCF,TCO,TDC,TDS,TDY,TECD,TECH,TER,TEX,TFX,TG,TGI,TGNA,THC,THG,THO,THRM,THS,TILE,TISI,TIVO,TKR,TLRD,TMP,TMST,TOL,TPH,TPRE,TPX,TR,TREE,TREX,TRMB,TRMK,TRN,TRST,TTC,TTEC,TTEK,TTI,TTMI,TTS,TUP,TVPT,TVTY,TWI,TXRH,TYL,TYPE,UBA,UBSI,UCBI,UCTT,UE,UEIC,UFCS,UFI,UFPI,UFS,UGI,UHT,UIHC,ULTI,UMBF,UMPQ,UNF,UNFI,UNIT,UNT,URBN,USCR,USPH,UTHR,UVE,UVV,VAC,VAL,VC,VECO,VG,VGR,VIAV,VICR,VIVO,VLY,VMI,VRA,VREX,VRTS,VRTU,VRTV,VSAT,VSH,VSI,VSM,VSTO,VVC,VVI,VVV,WAB,WABC,WAFD,WAGE,WBS,WCG,WD,WDFC,WDR,WEN,WERN,WETF,WEX,WGO,WH,WING,WIRE,WLH,WNC,WOR,WPG,WPX,WRB,WRI,WRLD,WSM,WSO,WSR,WST,WTFC,WTR,WTS,WWD,WWE,WWW,WYND,X,XOXO,XPER,Y,ZBRA,ZEUS,ZUMZ
2016-05-31 00:00:00.000000,,,,,,,,,,,,,,,,,,,,,,,,,,,,,,236900.0,,,,,,,,,,,,,,,,,,,,,,174316.0,,,,,,,,,,,,,,,,,,,,,,,,,,,,,,,,,,,,,,,,,,,,,,,,,,,,,,,,,,,,,,,,,,,,,,,,,,,,,,,,,,648074.0,,,,,,,,,,,,,,,,,,,,,,,,,,,,,,,,,,,,,,,,,,,,,,,,,,,,,,,,,,,,,,,,,,,,,,,,,,,,,,,,,,,,,,,,,,,,,,,,,,,,,,,,,,,,,,,,,,,,,,,,,,,,,,,,,,,,,,,,,,,,,,,,,,,,,,,,,,,,,,,,,,,,,,,,,,,,,,,,,,,,,,,,,,,,,,,,,,,,,,,,,,,,,,,,,,,,,,,,,,,,,,,,,,,,,,,,,,,,,,,,,,,,,,,,,,,,,,,,,,,,,,,,,,,,,,,,,,,,,,,,,,,,,,,,,,,,,,,,,,,,,,,,,,,,,,,,,,,,,,,,,,,,,,,,,,,,,,,,,,,,,,,,,,,,,,,,,,,,,,,,,,,,,,,,,,,,,,,,,,,,,,,,,,,,,,,,,,,,,,,,,,,,667400.0,,,,,,,,,,,,,,,,,,,,,,,,,,,,,,,,,874200.0,,,,,,,,,,,,,,,,,,,,,,,,,,,,,,,,,,,,,,153064.0,,,,,,,,,,,,,,,,,,,,,,,,,,,,,,,,,,,,,,,,,,,,,,,,,,,,,,,,,,,,,,,,,,,,,,,,,,,,,,,,,,,,,,,,,,,,,,,,,,,,,,,,,,,,,,,,,,,,,,,,,,,,,232166.0,,,,,,,,,,,,,,,,,,,,2087048.0,,,,,,,,,,,,,,,,,,,,,,,,910500.0,,,,,,,,,,,,,,,,,,,,,,,,,,,,,,,,,,,,,,,,,,,,,,,,,,,,,,,,,,,,,,,,,,,,,,,,,,,,,,,,,,,,,,,,,,,,,,,,,,,,,,,,,,,,,,,,,,,,,,,,,,,,,,,,,,,,,,,,,,,,,,,,,,,,,,,,,,,,,,,,,,,,,,,,,,,,,,,,,,,,,,,,,,,,,,,452593.0,,,,,,,,,,,,,,,,,,,,,,,
2016-06-30 00:00:00.000000,,,,,,,,,,,,,,,,,,,,,,,,,,,,,,,707422.0,,,,,,,,,,,,,,,,,,,,,,,,,,,,,,,,,,,,,,,856759.0,,,,,,,,,,,3037511.0,,,,,,,,,,,,,,,,,,,,,,,362455.0,,,,,,,,,,,,,,,,,,,,,,,,,,,264750.0,,,,,,,,,,,,,,,,,,,,,,,871200.0,,,,,,,,,,,,,,,,,,,,,,,,,,,,,,,,,,,,,,,,,,,,,,,,,,,,,,487074.0,,,,,255900.0,,,,,,,,587600.0,,,,,,,,,,,,,,,,,,,,,,,,,,,,,,,,,,,,,,,,,,,,,,,,,,,,618617.0,,,,,,,,,,,,,,,,,,,,,,,,,,196174.0,,,,,,,,,442236.0,,,,,,,,,,,270788.0,,,,,,,,,,,,,,,,,,,,,,119523.0,,,,,,,,,,,,,,,,,,,,,,,,,,,,,,,,,,,,,,,,,,,,,,,,,,,,,,,,614131.0,,,,,,,,,,,,,,,,,,,,,,,,,,,,,,,,,,,,,,,,,,,,,,312813.0,312813.0,,,,,,,,,,,,,,,,,,,,,,,,,,137468.0,,,,,,580995.0,,,,,,,,,,,,,,,,616067.0,,,,,,,,,,,,,299629.0,310091.0,,,,,,,,,,,,277300.0,,,,,,,,,,,,,,,,,,,,,,,,,,,,,,,,,,,,,1037756.0,1037756.0,,,,,,,,,,,,,,,,,,,,,,,,,,,,,,,,,125991.0,,,,,,,596500.0,,,,,,,,,,,,,,,,,,,,,,,,,,,,,,,,,,,,,,,,,,,,,,,,,,,,,,,,,,,,,,,,,,,,276859.0,,,,,,,239032.0,,,,,,,,,,,,,,,,,,,,,,,,,,,,,,,,,,,,,,,,,,,,,,,,,,,,,,,,,,26743.0,,,,,,,,,,,143725.0,,,743340.0,,,,,,,,,,,,,,,,,,,,,,,,,,,,,,,,,,,,,,355440.0,,151956.0,,,,,,,,,,,,,,,,,,,,,,,,,,,,,,,,,,,,,,,,,,,,,,,,,,,,,,,,,,,,252253.0,,,581500.0,,,,,,,,,,,336659.0,,,,,,,,,,,,,,,,,,,,,,,,,,,,,,,,,,,,,,,,,,,,,,,,,,93632.0,,,,,,,,,,,,,,,,,,,,,,,,,549700.0,,,,,,,,,,,,,,,,,,,,,,,,,,,,,,,,,,,,,,,,,,,,,,,,,,,,,,,,,,,,
2016-07-31 00:00:00.000000,,,,,,,,,,,,,,,,,,,,,,,,,,,,,,,,,,,,,,,,,,,,,,,,,,,,,,,,,,,,,,,,,,,3928700.0,,,,,,,,,,,,,,,,,,,,,,,,,,,,,,,,,,,,,,,,,,,,,,,,,,,,,,,,558773.0,,,,,,,,,,,,,,,,,,,,,,,423453.0,,,,,,,,,,,,,,,,,,,,,,,,,,,,,,,,,,,,,,309186.0,,,171237.0,,,,,,,,,,,,,,,,,,,,,,,,,,,,,,,,,,,,,,,,,,,,,,,,,,,,,,,,,754800.0,,,,,,,,,,,,,,,,,,,,,,,,,,,,588963.0,,,,,,,,,,,,,,,,,,,,,,,,,,,,,,,,,,,,,,,,,,,,,,,,,,,,,,,,,,,,,,,,,,,,,,,,,,,,,,,,,,,,,,,,,,,,,,,,,,,,,,,,,,,,,,,,,,,,,,,,,,,,,,,,,,,,,,,,,,,,,,,,,,,,,,,,,,,,,,,,,,,,,,,,,,,,,,,,,,,,,,,,,,,,,,,,,,,,,,,,,,,,,,,,,,,,,,,,,,,,,,,,,,,,,,,,,,,,,,,,,,,,,,,,,,,,,,,,,,,,,,,,,,,,,,,,,,,,,,,,,,,,,,,,,,,,,,,,,,,,,,,,,,,,,,,,,,,,,,,,,,,,,,,,,,,,,,,,,,,,,,,,,,,,,,,,,,,,,,,,,,,,,,,,,,,,,,,,,,,,,,,,,,,,,,,,,,,,,,,,,,,,,,,,,,,,,,,,,,,,,,,,,,,,,,,,,,,,,,,,,,,,,,,,,,,,,,,,,,,,,,,,,,,,,,,,,,,,,,,,,,,,,,,,,,,,,,,,,,,,,,,,,,,,,,,,,,,,,,,,,,,,,,,,,,,,,,,,,,,,,,,,,,,,,,,,,,,,,,,,,,,,,,,,,,,,,,,,,,,,,,,,,,,,,,,,,,726325.0,,,,,,,,,,,,,,,,,,,,,,,,,,,,,,,,,,,,,,,,,,,,,,,,,,,1279351.0,,,,,,,,,,,,,,,,,,,,,,,,,,,,,,,,,,,,,,,,,,,,,,,,,,,,,,,,,,,,,,,,,,,,,,,,,,,
2016-08-31 00:00:00.000000,,,,,,,,,,,,,,,,,,,,,,,,,,,,,,,,,,,,,,,,,,,,,,,,,,,,,,,,,,,,,,,,,,,,,,,,,,,,,,,,,,,,,1436200.0,,,,,,,,,,,,,,,,,,,,,,,,,,,,,,,,,,,,,,,,,,,,,,,,,,,,,,,,,,,,,,,,,,,,,,,,,,,,,,,,,,,,,,,,,,,,,,,,,,636013.0,,,,,,,,,,,,,,,,,,,,,,,,,,,,,,,,,,,,,,,,,,,,,,,,,,,,,,,,,,,,,,,,,,,,,,,,,,,,,,,,,,,,,,,,,,,,,,,,,,,,,,,,,,,,,,,,,,,,,,,,,,,,,,,,,,,,,,,,,,,,,,,,,639683.0,,,,,,,,,,,,,,,,,,,,,,,,,,,,,,,,,,,,551437.0,,,,,,,,,,,,,,,,,,,,,,,,,,,,,,,,,,,,,,,,,,,,,,,,,,,,,,,,,,,,,,,,,,,,,,,,,,,,,,,,,,,,,,,,,,,,,,,,,,,,,,,1527704.0,,,,,,,,,,,,,,,,,,,,,,,,,,,,,,,,,,,,,,,,,,,,,,,,,,,,,,,,,,148613.0,,,,,,,,,,,,,,,,,,,,,,,,,,,,,,,,,,,,,,,,,,,,,,,,,,,,,,,,,,,1288858.0,,,,,,,,,,,,,,,,,,,,,,,,,,,,,,,,,,,,,,,,,,,,,,,,,,,,,,,,,,,,,,,,,,,,,,,,,,,,,,,,,,,,,,,,,,,,,,,,,,,,,,,,,,,,,,,,,,,,,,,,,,,,,,,,,,,,,,,,,,,,,,,,,,,,,,,,,,,,,,,,,,,,,,,,,,,,,,,,,,,,,,,,,,,,,,,,,,,,,,,,,,,,,,,,,,,,,,,,,,,,,,,,,,,,,,,,,,,,,,,,,,,,,,,,,,,,,,,,,,,,,,,,,,,,,,,,,,,,,,,,,,,,,,,,,,,,,,,,,,,,,,,,,,,,,,,,,,,,,,,,,,,,,,,,,,,,567619.0,,,,,,,,,,,,,,,,,,,,,,,,,,,,,,,,,,,,,,,,,214369.0,,,,,,112649.0,,,,,,,,,,,,,,,,,,,,,,,,,,,,,
2016-09-30 00:00:00.000000,,,,,,,,,,,,,,642824.0,,,,1609000.0,,,,,,,,,,,,,,,,,,,,,,,,,,,,,,,,,,,,,,,,,,,,,,,1627000.0,,,,,,,,1744896.0,,,,,,,,,,,,,,,,,,,,,,,,,,,,,,,,,,,,,,,,,,,,,,,,,,,,198081.0,,,,,,,,,,,,,147164.0,,,,,,,,,,578000.0,,,210202.0,,,,,,,553050.0,553050.0,,,,,,,,,,,,,,,,,,,,,,,,,,,,,,,,,,381392.0,,,,,,,,,,,,,,,,,,,,,,,,,,,,,,,,344759.0,,,,,,,,,,,,,,,,,,,,,,,,,,,,99680.0,,,,,,,,,,,,,,,,,,,,,,,,,,,,,,,,,,,,,,,,,712400.0,,,88268.0,,,1159900.0,,,,220652.0,220652.0,220652.0,220652.0,,,,,,,,,,,,,428230.0,,,,,,,,,,,,,,616183.0,,,,,,,,,,,,,,,,,,,,,,,,,,,,,,,,,,,,-19363.0,,473434.0,,,,,,,,,,,,,,,,,,,,404711.0,,,,,,47580.0,47580.0,,,,,,570600.0,,,,,,,,,,,,,,,1257000.0,,,,,,,,,,,,,226028.0,,,,,,,,,85188.0,,,,,,,,443900.0,,,,,,,,,,,,,,,451558.0,,,,,,,,,,304467.0,,,,,,,,,,,,,,286729.0,286729.0,,,,,,,,,,,,,,,,,,,,,,,,,,,,,,,,,,,,,,,,,,,173327.0,,,,,,,,,,,,,,556454.0,,,,,,,,,,,,,,,,,,,,,,,,,,562191.0,,1855000.0,,,,,,,,,,,,,,,231404.0,,,,,,,,,,,,,,,,,,,,,,,1055017.0,,280498.0,,,,,,,,,,,,,,,,,,,,,,,,,,,,,,,,,,,,,,,,,,,,,,,,,,1055800.0,,,,,,,,,,,,,,,,,,,,,,,,,,,,,,,,,,,,227359.0,,,,,,1547400.0,,106205.0,,,,,,,,,,,,814868.0,,,,,,,,,,,,,,,,,,,,,,,,,,,,,,,,,,,,,,,,,,,,,,,,,,,514282.0,,1963940.0,,,,,,,,,,,,,,,,,,,,,,,,,,,,,,,,,995400.0,,,,,,,,,,,,,,,544400.0,544400.0,60458.0,,,,,,,,,,,,,,,,,0.0,,,,,,,,,,,,,,,,,,,,,,,,,,,,,,,,,,,,,,,,,,,,,,,,330211.0,,,,,,,,,,,,,,,,,,,,,3248200.0,,,,,,,,,,,,,,,,,,,,,,,,127787.0,,,,248400.0,,,,,,,,,,,761000.0,,,477331.0,477331.0,,,,,,,,,,,,,,,,,,,,,,,,,,,,,547538.0,,,,,,,,,,
2016-10-31 00:00:00.000000,,,,,,,,,521300.0,,,,,,,,,,,,,,,,,,,,,,,,,,,,,,,,,,,,,,,,,,,,,,,,,,,,,,,,,,,,,,,,,,,,,,,,,,,,,,,,,,,,,,,,,,,,,,,,,,,,,,,,,,,,,,,,,,,,,,,,,,,,,,,,,,,,,,,,,,,,,,,,,,,,,,,,,,,,,,,,,,,1161576.0,,,,,,,,,,,,,,,,,,,,,,,,,,,,,,,,,,,,,,,,,,,,,,,,,,,,,,,,,,,,107534.0,,,,,,,,,,,,,,,,,,,,,,,,,,,,,,,,,,,,,,,,,,,,,,,,,,,,,,,,,,,,,,,,,,,,,,,,,,,,,635255.0,,,,,,,,,,,,,,,,,,,,,,,,,,,,,,,,,,,,,,,,,,,,,,,,,,,,,,,,,,,684900.0,,,,,,,,,,,,,,,,,,,,,,,,,,,,,,,,,,,,,,,,,,,,,,,,,,,,,,,,,,,,,,,,,,,,,,,,,,,,,,,,,,,,,,,,,,,,,,,,,,,,,,,,,,,,,,,,,,,,,,1624000.0,,,,,,,,,,,,,,,,,,,,,,,,,,,,,,,,,,,,,,,,,,,,,,,,,,,,,,,,,,,,,,,,,,,,,,,,,,,,,,,,,,,,,,,,,,,,,,,,,,,,,,,,,,,,,,,,,,,,,,,,,993499.0,,,,,,,,,,,,,,,,,,,,,,,,,,,,217540.0,,,,,,,,,,,,,,,,,,,,,,,,,,,,,,,,,,,,,,,,,,,,,,,,,,,,,,,,,,,,,118706.0,,,,,,,,,,,,,,,,,,,,,,,646000.0,,,,,,,,,,,,,,,,,,,,,,,,,,,,,,,,,,,,,,,,,,,,,,,454001.0,,,,,,,,,,,,,,,,,,,,,,,,,,,,,,,,,,,,,,,,,,,,,,,,,,,,,,,,,,,,,,,,,,,,,,,,,,,,,,,,,,,,,,,,,,,,,,,,,,,,,,,,,,,,,,1025443.0,,,,,,,,,,,874595.0,,,,,,,,,,,,,79527.0,,,,,,,,,,,,,,,,,,,,,,,,,,,,,,,,,,,,,,,,,,,,,,,,,,,,,,,,,,,,,,,,,,,,,,,,,,,,,,,,,,,,,,,,,,,,
2016-11-30 00:00:00.000000,,,,,,,,,,,,,,,,,,,,,,,,,,,,,,,,,,,,,,,,,,,,,,,,,,,,,,,,,,,,,,,,,,,,,,,,,,,,,,,,,,,,,,,,,,,,,,,,,,,,,,,,,,,,,,,,,,,,,,,,,,,,,,,,,,,,,,,,,,,,,,,,,,,,,,,,,,,,,,,,,,,,,,,,,,,,,,,,,,,,,,,,,,,,,,,,,,,,,,,,,,,,,,,,,,,,,,,,,,,,,,,,,,,,,,,,,,,,,,,,,,,,,,,,,,,,,,,,,,,,,,,,,,,,,,,,,,,,,,,,,,,,,,,,,,,,,,,,,,,,,,,,,,,,,,,,,,,,,,,,,,,,,,,,,,,,,,,,,,,,,,,,,,,,,,,,,,,,,,,609803.0,,,,,,,,,,,,,,,,,,,,,,,,,,,,,,,,,,,,,,,,,,,,,,,,,,,,,,,,,,,,,,,,,,,,,,,,,,,,,,,,,,,,,,,,,,,,,,,,,,,,,,,,,,,,,,,,,,,,,,,,,,553545.0,,,,,,,,,,,,,,,,,,,,,,,,,,,,,,,,,,,,,,,,,,,,,,,,,,,,,,,,,,,,,,,,,,,,,,,,,,,,,,,,,,,,,,,,,,,,,,,,,,,,,,,,,,,,,,,,,,,,,,,,,,,,,,,,,,,,,,,,,,,,,,,,,,,,,,,,,,,,,,,,,,,,,,,,,,,,,,,,,,,,,,,,,,,,,,,,,,,,,,,,,,,,,,,,,,,,,,,,,,,,,,,,,,,,,,,,,,339629.0,,,,,,,,,,,,,,,,,,,,,,,,,,,,,,,,,,,,,,,,,,,,,,,,,,,,,,,,,,,,,,,,,,,,,,,,,,,,,,,,,,,,,,,,,,,,,,,,,,1282965.0,,,,,,,,,,,,,,,,,,,,,,,,,,,,,,,,,,,,,,,,,,,,,,,,,,,,,,,,,,,,,,,,,,,,,,,,,,,,,,,,,,,,,,,,,,,,,,,,,,,,,,,,,,,,,,,,,,,,,,,,,,,,,,,,,,,,,,,,,,,,,,,,,,,,,,,,,,,,,,,,,,,,,,,,,,,,,,,,,,,
2016-12-31 00:00:00.000000,2912528.0,86954.0,118080.0,187157.0,470992.0,170536.0,319000.0,1058700.0,,421085.0,2810914.0,560787.0,0.0,,411492.0,411492.0,82931.0,,291344.0,253164.0,253147.0,1676817.0,,6498000.0,1515500.0,,73477.0,73477.0,300568.0,,,233900.0,140065.0,674271.0,817800.0,796900.0,119000.0,205099.0,472263.0,161726.0,415202.0,501304.0,1475670.0,604399.0,619724.0,104189.0,396663.0,,3313200.0,345506.0,,,79352.0,79842.0,196126.0,,195271.0,157673.0,181322.0,218164.0,-14498.0,3144199.0,1046515.0,795183.0,,107630.0,,368483.0,265269.0,,162500.0,442661.0,,832864.0,832864.0,549821.0,,128288.0,557900.0,3460700.0,,333338.0,1548000.0,726100.0,,,440455.0,440455.0,577978.0,436935.0,,1225100.0,512782.0,40409.0,595800.0,199404.0,180861.0,980994.0,129450.0,129450.0,99908.0,164863.0,324458.0,,447962.0,213463.0,297033.0,297033.0,,1138087.0,191639.0,,617443.0,617443.0,400344.0,391595.0,150576.0,150576.0,,,610578.0,356363.0,,226331.0,,837570.0,837570.0,732482.0,1012243.0,515187.0,,989093.0,,,,6782000.0,503242.0,,,451277.0,,450384.0,506900.0,746801.0,746801.0,,1154388.0,,429521.0,1110000.0,,252834.0,221735.0,,106571.0,106571.0,918924.0,,,-11042.0,66567.0,1126044.0,405163.0,173616.0,20453.0,315600.0,461450.0,-652000.0,,,134341.0,,183115.0,183115.0,108239.0,125225.0,125225.0,119340.0,908620.0,822369.0,346181.0,239136.0,,,94880.0,299500.0,,1801641.0,408330.0,3992400.0,420385.0,813950.0,,94828.0,1215722.0,416980.0,341600.0,278890.0,736900.0,79263.0,91129.0,196006.0,664842.0,138014.0,565092.0,989700.0,989700.0,,1379149.0,646666.0,500164.0,500164.0,,,,118899.0,344877.0,385811.0,1157300.0,652350.0,,93547.0,93547.0,140428.0,,272681.0,68135.0,162303.0,292626.0,,,,,750483.0,366384.0,574199.0,685134.0,6803000.0,106407.0,,844000.0,756381.0,721700.0,,151237.0,309751.0,,73644.0,,504688.0,504688.0,364500.0,,379418.0,286923.0,,797000.0,1181821.0,1181821.0,680281.0,345000.0,111150.0,388351.0,338074.0,324828.0,767691.0,308686.0,210327.0,60846.0,60846.0,264802.0,,,213166.0,357498.0,286437.0,147595.0,511165.0,511165.0,344711.0,344711.0,,,,131670.0,178700.0,134176.0,3506000.0,183784.0,779800.0,385011.0,1037862.0,1375301.0,,,188469.0,,417603.0,,,470640.0,28050.0,353239.0,,,,,,,1440052.0,213698.0,1205162.0,184902.0,238032.0,,105800.0,,168551.0,,,5575846.0,177960.0,549616.0,263634.0,604803.0,599623.0,106165.0,,331406.0,46858.0,345047.0,303774.0,1237087.0,,846905.0,,344009.0,1900518.0,624600.0,498221.0,,265696.0,761366.0,761366.0,102682.0,197920.0,1578186.0,126388.0,265696.0,,311856.0,96724.0,703979.0,144413.0,183100.0,90678.0,937606.0,5539000.0,,687067.0,215238.0,883000.0,408850.0,,556044.0,,451762.0,,529209.0,,,,708239.0,1300945.0,335519.0,24853.0,,218603.0,,429289.0,429289.0,195136.0,668452.0,8369000.0,8369000.0,1595069.0,-108189.0,314802.0,266373.0,92541.0,301370.0,,504542.0,757824.0,,193272.0,,,,258217.0,223170.0,348175.0,,164125.0,,,434549.0,200750.0,46516.0,1128910.0,536866.0,147050.0,835013.0,487339.0,412220.0,-33711.0,-33711.0,,255676.0,,280760.0,600906.0,53892.0,129340.0,167916.0,118682.0,1100700.0,454785.0,443566.0,915815.0,,,,642986.0,1396000.0,506487.0,252448.0,201398.0,490202.0,552310.0,930767.0,,,,310240.0,97310.0,1402000.0,178254.0,899000.0,,133569.0,332300.0,326471.0,150392.0,319315.0,324396.0,85393.0,85393.0,85393.0,378299.0,660320.0,758200.0,283627.0,297112.0,,304882.0,,393091.0,2437000.0,,380700.0,727155.0,,393091.0,,,0.0,586227.0,324900.0,549092.0,,112000.0,906300.0,,442804.0,,,,,,2521900.0,,328600.0,209412.0,288300.0,4041.0,479025.0,469995.0,263361.0,263361.0,279593.0,279593.0,1301315.0,974697.0,,,428903.0,138542.0,852000.0,789298.0,413117.0,221613.0,103402.0,357173.0,357173.0,1076500.0,1076500.0,,704405.0,623000.0,303869.0,,62936.0,179655.0,,137780.0,97673.0,290567.0,290567.0,159618.0,532269.0,509400.0,,311344.0,451970.0,135141.0,135141.0,,216093.0,-49306.0,2272226.0,,3333800.0,354678.0,231821.0,463799.0,,322500.0,111790.0,254989.0,3227683.0,1033523.0,427414.0,427414.0,,,671039.0,671039.0,777264.0,212608.0,205664.0,,258938.0,65283.0,2743245.0,333144.0,,182857.0,565619.0,273134.0,,332123.0,,265025.0,,,-10261.0,1800000.0,,,538425.0,210873.0,523643.0,,419014.0,37737.0,553114.0,183463.0,,,460400.0,196134.0,1016114.0,229990.0,164640.0,,134723.0,134723.0,915058.0,915058.0,2523000.0,185610.0,883541.0,376696.0,376696.0,1782000.0,,766061.0,,680761.0,680761.0,113376.0,,274400.0,,211525.0,121915.0,512795.0,214500.0,85662.0,394700.0,33660.0,134248.0,743102.0,491610.0,,412185.0,1707340.0,721979.0,1121166.0,835800.0,392695.0,856274.0,265405.0,,1439109.0,95777.0,927238.0,10313.0,10313.0,744627.0,2708000.0,331317.0,370178.0,321935.0,913500.0,468261.0,900827.0,279227.0,,626900.0,1212000.0,279227.0,167674.0,,626900.0,313800.0,1187310.0,605804.0,304171.0,5900300.0,5900300.0,67482.0,,,130657.0,88027.0,,693822.0,1082683.0,,197089.0,202469.0,733995.0,898885.0,898885.0,733995.0,,1891897.0,136795.0,-93977.0,,63013.0,243728.0,1276532.0,1276532.0,1276532.0,,108813.0,313960.0,0.0,140098.0,1105623.0,1105623.0,,,,,,,,114464.0,393026.0,769941.0,706200.0,741087.0,,191161.0,,165564.0,875976.0,830580.0,547335.0,151280.0,,1537964.0,166937.0,126135.0,,264281.0,,-401344.0,-10762.0,0.0,430609.0,-213200.0,1879828.0,155452.0,,1501416.0,,865200.0,1935049.0,,171516.0,7995.0,,11521511.0,57424.0,,3630.0,219554.0,,,3268000.0,817852.0,0.0,269507.0,1726874.0,0.0,249485.0,179930.0,801129.0,,189610.0,739840.0,1376800.0,558960.0,2590300.0,2590300.0,105873.0,216644.0,181273.0,263571.0,1085725.0,,816637.0,1429274.0,159502.0,,459670.0,,177892.0,,1189992.0,254823.0,175840.0,,676434.0,338545.0,,,,763487.0,621178.0,,2531181.0,202469.0,202469.0,1182006.0,407260.0,1777100.0,82417.0,521983.0,,2284270.0,1209819.0,437964.0,313817.0,1634596.0,548524.0,421504.0,82330.0,533536.0,960154.0,-207934.0,,322487.0,,810160.0,810160.0,1166579.0,,937426.0,937426.0,-183198.0,148912.0,110601.0,128949.0,1111494.0,375800.0,,,,412450.0,382450.0,291188.0,55199.0,257894.0,2006640.0,,475256.0,1334864.0,301333.0,441088.0,86204.0,203017.0,203017.0,256700.0,1136000.0,637222.0,316800.0,,475427.0,512360.0,,403704.0,679718.0,1298150.0,700594.0,1298150.0,608515.0,1188000.0,2675000.0,831900.0,,,959567.0,712400.0,996200.0,130646.0,,2302531.0,7141000.0,4945800.0,,295037.0,1125382.0,368644.0,328552.0,490371.0,694800.0,,246941.0,-27100.0,,549201.0,708536.0,1309400.0,199791.0,370638.0,187095.0,1238000.0,490555.0,1132200.0,165067.0,,333666.0,,51417.0,423615.0,423615.0,1498100.0,1498100.0,143878.0,133626.0,385385.0,355351.0,355351.0,,493621.0,403481.0,86783.0,229267.0,164124.0,1144650.0,,474590.0,1063000.0,,67081.0,487117.0,487117.0,905406.0,1144807.0,,,720740.0,47877.0,,245822.0,82012.0,1526100.0,685289.0,,706781.0,1030100.0,464000.0,132858.0,600471.0,593605.0,,91209.0,,721374.0,656243.0,,,321741.0,,1500200.0,,569783.0,569783.0,569783.0,,,85185.0,,924239.0,178988.0,,,982991.0,982991.0,347785.0,,358069.0,622957.0,324416.0,115100.0,513376.0,,622000.0,66051.0,120117.0,240218.0,325534.0,,574147.0,-7000.0,7666088.0,549555.0,,,1034584.0,70345.0,501100.0,1038874.0,514978.0,565600.0,,299184.0,959900.0,2867000.0,638000.0,638000.0,259014.0,6131019.0,1642000.0,216591.0,
2017-01-31 00:00:00.000000,,,,,,,,,,,,,,,,,,,,,,,1366927.0,,,,,,,,,,,,,,,,,,,,,,,,,,,,2028568.0,,,,,,,,,,,,,,,,,,,,,,,,,,,,,,,,,,,,,,,,,,,,,,,,,,,,,,,,,,2099419.0,,,397168.0,,,,,,,,,,,,,,,,,,,,,1061991.0,,,,,,,,354584.0,,,,,,,,,,,,,,,,,,,,,,,,,,,,946836.0,946836.0,,,,,,,,,,,,,,,,,,,,,,,,,,,,,,,,,,,,,,,,,,,,,,,,,,,,,,,,,,,,,,,,,,,,,,,,,,,,,2251598.0,,,,,,,,,2365783.0,,,,,,,,,,,,,,,,,,,,,,,,,,,,,,,,,,,,,,,,,,,,,,,,,,,,,,,,,,,,,663204.0,,,,,,,,,,,,,,,,,,,357037.0,,,,,,,,,,,,,,228627.0,,,,,,,,,,,,,,,,1417526.0,,,,,745040.0,,,,,,840861.0,,3009300.0,,,,,,,,,,,,,,,,,,,,,,,,,,,338596.0,,,,,,,,,,,,106355.0,,,,,,,,,,,,,,,,,,,,,,,,,,,,,,,,,,,,,,,,,,,,,,,,,,,,,,,4476000.0,,,,,,,,,,,,,,,221471.0,,,,,,,,,,,,,,,,,,,,,,,,,,,,,,,,,,,,,,,,,,,,,,,,,,,,,,,,,,,,,,,,,,,,,,,,,,,,,,,2027816.0,,,,,,,,,,,,294817.0,,,,,,,,,,,,,,,,,,,,,,,,,,,,,,,,,,,,,,,,,,,,,,,,,,,,,,,,,,,,,,,,,,,,,,,360411.0,,,,,360411.0,,,,,,,,,,,,,582774.0,,,,,,,,,,,,,,,,,,,,,,,,,,,,,596031.0,671593.0,,,,,,,,,,,,,,,,,,,,,,,,,,,,,,,,,78190.0,,,,,,71039.0,,,,,,,679787.0,,,,,,,,,,,,,,,,,,,,,,,,,,447000.0,,,,,,,,,,,,289235.0,,,,,,,,,,,,,2360800.0,,,,,,,,,,,,,,324862.0,,,,,,,,,,,,,,,,,,,,,,,,,,,,,,,,,,,,,,,,,,,,,,,1301927.0,,,,,,,,,,,,,,,,,1441468.0,,,,,,,,,,,,,,,,,,,,,,,,,,,,,,,,,,,,,,,,,,,,,,,1244613.0,,,,,,,,,,,,,,,,,276046.0,,,,,,,,,,,,,,,,,,,,,,,,,,,,,,,,,,,,,,1883310.0,,,,,,,,,,,,,,,,,275002.0
2017-02-28 00:00:00.000000,,,,,,,,,,,,,,,,,,,,,,,,,,,,,,,,,,,,,,,,,,,,,,,,,,,,,,,,292023.0,,,,,,,,,,,,,,,,,,,,,,,,,,,,,,204784.0,,,,,4576350.0,,,,,,,,,,,,,,,,,,,,,,,,,,,,,,,,,,,,,,,,,,,,143352.0,,,,,,,,,,,,,,,,,,,,,,,,,,,,,,,,,,,,,,,,,,,,,,,,,,,,,,,,,,,,,,,,,,,,,,,,,,,,,,,,,,,,,,,,,,,,,,,,,,,,,,,,,,,,,,,,,,,,,,,,,,,,,,,,,,,,,,,,,,,,,,,,,,,,,,,,,,,,,,,,,,,,,,,,,,,,,,,,,,,,,,,,,,,,,,,,,,,,,,,,,,,,,,,,,,,,,,,,,,,,,,,,,,,,,,,,,,,,,,,,,,,,,,,,,,,,,,,,,,,,,,,,,,,,675468.0,,,,,,,,,,,,,,,,,,,,,,,,,,,,,,,,,,,,,,,,,,,,,,,,,,,,,,,,,,,,,,,,,,,,,,,,,,,,,,,,,,,,,,,,,,,,,,,,,,,,,,,,,,,,,,,,,,,,,,,,,,,,,,,,,,,,,,,,,,,,,,,,,,,,,,,,,,,,,,,,,,,,,,,,,,,,,,,,,,,,,,,,,,,,,,,,,,,,,,,,,,,,,,,,,,,,,,,,,,,,,,,,,,,,,,,,,,,,,,,,,,,,,,,,,,,,,,,,,,,,,,,,,,,,,,,,,,,,,,,,,,,,,,,,,,,,30041.0,,,,,,,,,,,,,,,,,,,,,,,,,,,,,,,,,,,,,,,,,,,,,,,,,,,,,,,,,,,,,,,,,,,,,,,,,,,,,,,,,,,,,,,,,,,,,,,,,,,,,,,,,,,,,,,,,,,,,,,,,,,,,,,,,,,,,,,,,,,,,,,,,,,,,,,,,,,,,,,,,,,,,,,,,,,,,,,,,,,,,,,,,,,,,,,,,,,,,,,,,,,,,,,,,,,,,,,,,,,,,,,,,,,,,,,,,,,,,,,,,,,,,,,,,,,,,,,,,,,,,,,,,,,,,,,,,,,,,,,,,,,,,,,,,,,,,,,,,
2017-03-31 00:00:00.000000,,,,,,,,,,,,,,,,,,,,,,,,,,63785.0,,,,,,,,,,,,,,,,,,,,,,,,,,,,,,,,,,,,,,,,,,,,,,,,,,,,,,,,,,,,,,,,,,,,,,,,,,,,,,,,,,,,,,,,,,,,,,,,,,,,,,,,,,,,,,,,,,,,,,,,,,,,,,,,,,,,,,,,,,,,,,,,,,,,,,,,,,,,,,,,,,,,,,,,,,,,,,,,,,,,,,,,,,,,757815.0,104792.0,,,,,,,,,,,,,,,158037.0,158037.0,,565326.0,,,,,,,,,,,,,,,,835235.0,,,,,,,,,,,,,,,,,,,,,,,,,,,,,,,,,191274.0,191274.0,191274.0,,,,,,,,,,,650625.0,,,,,,,,,,,,,,,,,,,,312045.0,,,,,,,,,,,,,,,,,,,,,,,,,,,,,,,,,,,,,,,,,,,,,,,,,,,,,,,,,,,,,,,,,,,,,,,,,,,,,,,,378494.0,,,,,,,,,,,,,,,,,,,,,,,,,,,,,,,,,,,,98073.0,98073.0,,,,,,,,,,,,,,,,,,,,,,,,,,,,,,,,,,,,,,,,,,,,,,,,,,,,186112.0,,,,,,,,,,,,,,,,,,,,,,,,,,,,,,,,,,,,,,986129.0,,,,,,,,,,,,,,,,,,,,,,,,,,,,,,,,,,,,,,,,,,,,,,,,,,,,,,396889.0,,,,115046.0,,,,,,,,,,,,,,,,,,,,,,,,,,,,,,,,,,,,,,,,,,,,,,815973.0,,,,,,,,,,,,,,,,,,,,,,,,,,,,,,,,,,,,,,,,,,,,,,,,,,,,500286.0,,,,,,,,,,79314.0,,,,,,,,,,,441370.0,299759.0,,,,,,,,,,,,,,,,,,,,,,,,,,,,,,,,,,,,,,,,,,,,,,,,,,,,,,,,,,,,,,,,,,,,,,,,,,,,,,,,,,,,,,106383.0,,,,,,,,,,,,,,,,,,,,,,,,,,,,,,,,,,,,,,,,,,,,,1025632.0,,,,,,,,,,,,,,,,,,,,,,,,,,,,,,,842981.0,,,,,,,,,,,,,,,,,,,,,,,,,,,,,,,,,,,,,,,,,,,,,,,,,,,,,,,,,,,,,,,394679.0,,,,,,,,,,,,,,,237781.0,,510362.0,,,,669186.0,669186.0,,,,,,,,,,,,,,,,,,,,,,,,,,,510231.0,,,,,,,,,,,,,,,,,,
2017-04-30 00:00:00.000000,,,,,,,,,,,,,,,,,,,,,,,,,,,,,,,,,,,,,,,,,,,,,,,,224636.0,,,,,,,,,,,,,,,,,,,,,,,,,,,,,102110.0,,,,,,,,,,,,,,,,,,,,,,,,,,,,,,,,,,,,,,,,,,457363.0,457363.0,,,,,,,,,,,,,,,,,,,1681161.0,,,,,,,,,,,,,,,,,,,,,,,,,,,,,,,,,,,,,,,,,,,,,,,,,,,,,,,,,,,,,,,,,,,,,,,,,,,,,,,,,,,,,,,,,,,,,,,,,,,,,140415.0,,,,,,,,,,,,,,,,,,,,,,,,,,,,,,,,,,,,,,,,,,,,,,,,,,,,,,,,,,,,,,,,,,,,,,,,,,,,,,,,,,,,,,,,,,,,,,,,,,,,,,,,,,,,,,,,,,,,,,,,,,,,,,,,,,,,,,,,,,,,,,,,,,,,,,,,,,,,,,,,,,,,,,,,,,,,,,,,,,,,,,,,,,,,,,,,,,,,,,,,,,,,,,,,,,,,,,,,,,,,,,,,,,,,,,,,,,,,,,,,,,,,,,,422532.0,,,,,,,,,,,,,,,,,,,,,,,,,,,,,,,,,,,,,,,,,,,,,,,,,,,,,,,606542.0,,,,,,,,,,,,,,,,,,,,218300.0,,,,,,,,,,,,,,,,,,,,,,,,,,,,,,,,,,,,,,,,,,,,,,,,,,,,,,,,,,,,,,,,,,,,,,,,,,,,,,,,,,,,,,,,,,,,,,,,,,,,,,,,,,,,,,,,,,,,,,,,1301397.0,,,,,,,,,,,,,,,,,,,,,,,,,,,,,,,,,,,,,,,,,,,,,,,,,,,,,,,,,,,,,,,,,,,,,,,,,,,,,,,,,,,,,,,,,,,,,,,,,,,,,,,,,,,,,,,,,,,,,,,,,,,,,,,,,,,,,,,,,,,,,,,,,,,,,,,,,,,,,,,,,,,,,,,,,,,,,,,,,,,,,,,,,,,,,,,,,,,,,,,,,,,,,,,,,,,,,,,,,,,,,,,,,,,,,,,,,,,,,,,,,,,,,,,,,,,,,,,,,,,,,,,,,,,,,,,,,,,,,,,,,,,,,,,,,,,,,,,,,,,,,,,,,,,,,,
2017-05-31 00:00:00.000000,,,,,,,,,,,,,,,,,,,,,,,,,,,,,,276500.0,,,,,,,,,,,,,,,,,,,,,,176169.0,,,,,,,,,,,,,,,,,,,,,,,,,,,,,,,,,,,,,,,,,,,,,,,,,,,,,,,,,,,,,,,,,,,,,,,,,,,,,,,,,,45550.0,,,,,,,,,,,,,,,,,,,,,,,,,,,,,,,,,,,,,,,,,,,,,,,,,,,,,,,,,,,,,,,,,,,,,,,,,,,,,,,,,,,,,,,,,,,,,,,,,,,,,,,,,,,,,,,,,,,,,,,,,,,,,,,,,,,,,,,,,,,,,,,,,,,,,,,,,,,,,,,,,,,,,,,,,,,,,,,,,,,,,,,,,,,,,,,,,,,,,,,,,,,,,,,,,,,,,,,,,,,,,,,,,,,,,,,,,,,,,,,,,,,,,,,,,,,,,,,,,,,,,,,,,,,,,,,,,,,,,,,,,,,,,,,,,,,,,,,,,,,,,,,,,,,,,,,,,,,,,,,,,,,,,,,,,,,,,,,,,,,,,,,,,,,,,,,,,,,,,,,,,,,,,,,,,,,,,,,,,,,,,,,,,,,,,,,,,,,,,,,,,,,,786500.0,,,,,,,,,,,,,,,,,,,,,,,,,,,,,,,,,864200.0,,,,,,,,,,,,,,,,,,,,,,,,,,,,,,,,,,,,,,171968.0,,,,,,,,,,,,,,,,,,,,,,,,,,,,,,,,,,,,,,,,,,,,,,,,,,,,,,,,,,,,,,,,,,,,,,,,,,,,,,,,,,,,,,,,,,,,,,,,,,,,,,,,,,,,,,,,,,,,,,,,,,,,,221325.0,,,,,,,,,,,,,,,,,,,,2165688.0,,,,,,,,,,,,,,,,,,,,,,,,927100.0,,,,,,,,,,,,,,,,,,,,,,,,,,,,,,,,,,,,,,,,,,,,,,,,,,,,,,,,,,,,,,,,,,,,,,,,,,,,,,,,,,,,,,,,,,,,,,,,,,,,,,,,,,,,,,,,,,,,,,,,,,,,,,,,,,,,,,,,,,,,,,,,,,,,,,,,,,,,,,,,,,,,,,,,,,,,,,,,,,,,,,,,,,,,,,,535905.0,,,,,,,,,,,,,,,,,,,,,,,
2017-06-30 00:00:00.000000,,,,,,,,,,,,,,,,,,,,,,,,,,,,,,,737695.0,,,,,,,,,,,,,,,,,,,,,,,,,,,,,,,,,,,,,,,847606.0,,,,,,,,,,,2369442.0,,,,,,,,,,,,,,,,,,,,,,,383829.0,,,,,,,,,,,,,,,,,,,,,,,,,,,297261.0,,,,,,,,,,,,,,,,,,,,,,,985300.0,,,,,,,,,,,,,,,,,,,,,,,,,,,,,,,,,,,,,,,,,,,,,,,,,,,,,,434572.0,,,,,284300.0,,,,,,,,654600.0,,,,,,,,,,,,,,,,,,,,,,,,,,,,,,,,,,,,,,,,,,,,,,,,,,,,568061.0,,,,,,,,,,,,,,,,,,,,,,,,,,187586.0,,,,,,,,,419723.0,,,,,,,,,,,324485.0,,,,,,,,,,,,,,,,,,,,,,171460.0,,,,,,,,,,,,,,,,,,,,,,,,,,,,,,,,,,,,,,,,,,,,,,,,,,,,,,,,541372.0,,,,,,,,,,,,,,,,,,,,,,,,,,,,,,,,,,,,,,,,,,,,,,388353.0,388353.0,,,,,,,,,,,,,,,,,,,,,,,,,,141923.0,,,,,,612083.0,,,,,,,,,,,,,,,,657707.0,,,,,,,,,,,,,318764.0,305213.0,,,,,,,,,,,,318100.0,,,,,,,,,,,,,,,,,,,,,,,,,,,,,,,,,,,,,1110376.0,1110376.0,,,,,,,,,,,,,,,,,,,,,,,,,,,,,,,,,81003.0,,,,,,,600200.0,,,,,,,,,,,,,,,,,,,,,,,,,,,,,,,,,,,,,,,,,,,,,,,,,,,,,,,,,,,,,,,,,,,,323501.0,,,,,,,248243.0,,,,,,,,,,,,,,,,,,,,,,,,,,,,,,,,,,,,,,,,,,,,,,,,,,,,,,,,,,30376.0,,,,,,,,,,,192153.0,,,687352.0,,,,,,,,,,,,,,,,,,,,,,,,,,,,,,,,,,,,,,383596.0,,,,,,,,,,,,,,,,,,,,,,,,,,,,,,,,,,,,,,,,,,,,,,,,,,,,,,,,,,,,,,252754.0,,,523600.0,,,,,,,,,,,374541.0,,,,,,,,,,,,,,,,,,,,,,,,,,,,,,,,,,,,,,,,,,,,,,,,,,94164.0,,,,,,,,,,,,,,,,,,,,,,,,,486000.0,,,,,,,,,,,,,,,,,,,,,,,,,,,,,,,,,,,,,,,,,,,,,,,,,,,,,,,,,,,,
2017-07-31 00:00:00.000000,,,,,,,,,,,,,,,,,,,,,,,,,,,,,,,,,,,,,,,,,,,,,,,,,,,,,,,,,,,,,,,,,,,3859600.0,,,,,,,,,,,,,,,,,,,,,,,,,,,,,,,,,,,,,,,,,,,,,,,,,,,,,,,,558292.0,,,,,,,,,,,,,,,,,,,,,,,454572.0,,,,,,,,,,,,,,,,,,,,,,,,,,,,,,,,,,,,,,367160.0,,,218185.0,,,,,,,,,,,,,,,,,,,,,,,,,,,,,,,,,,,,,,,,,,,,,,,,,,,,,,,,,823100.0,,,,,,,,,,,,,,,,,,,,,,,,,,,,662146.0,,,,,,,,,,,,,,,,,,,,,,,,,,,,,,,,,,,,,,,,,,,,,,,,,,,,,,,,,,,,,,,,,,,,,,,,,,,,,,,,,,,,,,,,,,,,,,,,,,,,,,,,,,,,,,,,,,,,,,,,,,,,,,,,,,,,,,,,,,,,,,,,,,,,,,,,,,,,,,,,,,,,,,,,,,,,,,,,,,,,,,,,,,,,,,,,,,,,,,,,,,,,,,,,,,,,,,,,,,,,,,,,,,,,,,,,,,,,,,,,,,,,,,,,,,,,,,,,,,,,,,,,,,,,,,,,,,,,,,,,,,,,,,,,,,,,,,,,,,,,,,,,,,,,,,,,,,,,,,,,,,,,,,,,,,,,,,,,,,,,,,,,,,,,,,,,,,,,,,,,,,,,,,,,,,,,,,,,,,,,,,,,,,,,,,,,,,,,,,,,,,,,,,,,,,,,,,,,,,,,,,,,,,,,,,,,,,,,,,,,,,,,,,,,,,,,,,,,,,,,,,,,,,,,,,,,,,,,,,,,,,,,,,,,,,,,,,,,,,,,,,,,,,,,,,,,,,,,,,,,,,,,,,,,,,,,,,,,,,,,,,,,,,,,,,,,,,,,,,,,,,,,,,,,,,,,,,,,,,,,,,,,,,,,,,,,,,1043583.0,,,,,,,,,,,,,,,,,,,,,,,,,,,,,,,,,,,,,,,,,,,,,,,,,,,1428921.0,,,,,,,,,,,,,,,,,,,,,,,,,,,,,,,,,,,,,,,,,,,,,,,,,,,,,,,,,,,,,,,,,,,,,,,,,,,
2017-08-31 00:00:00.000000,,,,,,,,,,,,,,,,,,,,,,,,,,,,,,,,,,,,,,,,,,,,,,,,,,,,,,,,,,,,,,,,,,,,,,,,,,,,,,,,,,,,,1481200.0,,,,,,,,,,,,,,,,,,,,,,,,,,,,,,,,,,,,,,,,,,,,,,,,,,,,,,,,,,,,,,,,,,,,,,,,,,,,,,,,,,,,,,,,,,,,,,,,,,546410.0,,,,,,,,,,,,,,,,,,,,,,,,,,,,,,,,,,,,,,,,,,,,,,,,,,,,,,,,,,,,,,,,,,,,,,,,,,,,,,,,,,,,,,,,,,,,,,,,,,,,,,,,,,,,,,,,,,,,,,,,,,,,,,,,,,,,,,,,,,,,,,,,,654599.0,,,,,,,,,,,,,,,,,,,,,,,,,,,,,,,,,,,,421299.0,,,,,,,,,,,,,,,,,,,,,,,,,,,,,,,,,,,,,,,,,,,,,,,,,,,,,,,,,,,,,,,,,,,,,,,,,,,,,,,,,,,,,,,,,,,,,,,,,,,,,,,1545643.0,,,,,,,,,,,,,,,,,,,,,,,,,,,,,,,,,,,,,,,,,,,,,,,,,,,,,,,,,,145012.0,,,,,,,,,,,,,,,,,,,,,,,,,,,,,,,,,,,,,,,,,,,,,,,,,,,,,,,,,,,1286247.0,,,,,,,,,,,,,,,,,,,,,,,,,,,,,,,,,,,,,,,,,,,,,,,,,,,,,,,,,,,,,,,,,,,,,,,,,,,,,,,,,,,,,,,,,,,,,,,,,,,,,,,,,,,,,,,,,,,,,,,,,,,,,,,,,,,,,,,,,,,,,,,,,,,,,,,,,,,,,,,,,,,,,,,,,,,,,,,,,,,,,,,,,,,,,,,,,,,,,,,,,,,,,,,,,,,,,,,,,,,,,,,,,,,,,,,,,,,,,,,,,,,,,,,,,,,,,,,,,,,,,,,,,,,,,,,,,,,,,,,,,,,,,,,,,,,,,,,,,,,,,,,,,,,,,,,,,,,,,,,,,,,,,,,,,,,,597369.0,,,,,,,,,,,,,,,,,,,,,,,,,,,,,,,,,,,,,,,,,213885.0,,,,,,222577.0,,,,,,,,,,,,,,,,,,,,,,,,,,,,,
2017-09-30 00:00:00.000000,,,,,,,,,,,,,,683720.0,,,,1408000.0,,,,,,,,,,,,,,,,,,,,,,,,,,,,,,,,,,,,,,,,,,,,,,,888000.0,,,,,,,,1834199.0,,,,,,,,,,,,,,,,,,,,,,,,,,,,,,,,,,,,,,,,,,,,,,,,,,,,267404.0,,,,,,,,,,,,,226146.0,,,,,,,,,,652000.0,,,254129.0,,,,,,,632808.0,632808.0,,,,,,,,,,,,,,,,,,,,,,,,,,,,,,,,,,750269.0,,,,,,,,,,,,,,,,,,,,,,,,,,,,,,,,363719.0,,,,,,,,,,,,,,,,,,,,,,,,,,,,87174.0,,,,,,,,,,,,,,,,,,,,,,,,,,,,,,,,,,,,,,,,,811300.0,,,102814.0,,,1130600.0,,,,248822.0,248822.0,248822.0,248822.0,,,,,,,,,,,,,435510.0,,,,,,,,,,,,,,645046.0,,,,,,,,,,,,,,,,,,,,,,,,,,,,,,,,,,,,-20683.0,,408116.0,,,,,,,,,,,,,,,,,,,,452409.0,,,,,,29710.0,29710.0,,,,,,591300.0,,,,,,,,,,,,,,,1320600.0,,,,,,,,,,,,,265315.0,,,,,,,,,59781.0,,,,,,,,492600.0,,,,,,,,,,,,,,,419000.0,,,,,,,,,,331023.0,,,,,,,,,,,,,,375046.0,375046.0,,,,,,,,,,,,,,,,,,,,,,,,,,,,,,,,,,,,,,,,,,,143788.0,,,,,,,,,,,,,,563387.0,,,,,,,,,,,,,,,,,,,,,,,,,,611905.0,,,,,,,,,,,,,,,,,302278.0,,,,,,,,,,,,,,,,,,,,,,,1080432.0,,298251.0,,,,,,,,,,,,,,,,,,,,,,,,,,,,,,,,,,,,,,,,,,,,,,,,,,1174400.0,,,,,,,,,,,,,,,,,,,,,,,,,,,,,,,,,,,,255855.0,,,,,,1574100.0,,50769.0,,,,,,,,,,,,835020.0,,,,,,,,,,,,,,,,,,,,,,,,,,,,,,,,,,,,,,,,,,,,,,,,,,,519911.0,,1964895.0,,,,,,,,,,,,,,,,,,,,,,,,,,,,,,,,,972600.0,,,,,,,,,,,,,,,613000.0,613000.0,61690.0,,,,,,,,,,,,,,,,,,,,,,,,,,,,,,,,,,,,,,,,,,,,,,,,,,,,,,,,,,,,,,,,,353638.0,,,,,,,,,,,,,,,,,,,,,3283400.0,,,,,,,,,,,,,,,,,,,,,,,,124833.0,,,,253500.0,,,,,,,,,,,778000.0,,,485635.0,485635.0,,,,,,,,,,,,,,,,,,,,,,,,,,,,,572559.0,,,,,,,,,,
2017-10-31 00:00:00.000000,,,,,,,,,572400.0,,,,,,,,,,,,,,,,,,,,,,,,,,,,,,,,,,,,,,,,,,,,,,,,,,,,,,,,,,,,,,,,,,,,,,,,,,,,,,,,,,,,,,,,,,,,,,,,,,,,,,,,,,,,,,,,,,,,,,,,,,,,,,,,,,,,,,,,,,,,,,,,,,,,,,,,,,,,,,,,,,,1245786.0,,,,,,,,,,,,,,,,,,,,,,,,,,,,,,,,,,,,,,,,,,,,,,,,,,,,,,,,,,,,114544.0,,,,,,,,,,,,,,,,,,,,,,,,,,,,,,,,,,,,,,,,,,,,,,,,,,,,,,,,,,,,,,,,,,,,,,,,,,,,,729666.0,,,,,,,,,,,,,,,,,,,,,,,,,,,,,,,,,,,,,,,,,,,,,,,,,,,,,,,,,,,714700.0,,,,,,,,,,,,,,,,,,,,,,,,,,,,,,,,,,,,,,,,,,,,,,,,,,,,,,,,,,,,,,,,,,,,,,,,,,,,,,,,,,,,,,,,,,,,,,,,,,,,,,,,,,,,,,,,,,,,,,1702000.0,,,,,,,,,,,,,,,,,,,,,,,,,,,,,,,,,,,,,,,,,,,,,,,,,,,,,,,,,,,,,,,,,,,,,,,,,,,,,,,,,,,,,,,,,,,,,,,,,,,,,,,,,,,,,,,,,,,,,,,,,1139001.0,,,,,,,,,,,,,,,,,,,,,,,,,,,,194393.0,,,,,,,,,,,,,,,,,,,,,,,,,,,,,,,,,,,,,,,,,,,,,,,,,,,,,,,,,,,,,91315.0,,,,,,,,,,,,,,,,,,,,,,,,,,,,,,,,,,,,,,,,,,,,,,,,,,,,,,,,,,,,,,,,,,,,,,641542.0,,,,,,,,,,,,,,,,,,,,,,,,,,,,,,,,,,,,,,,,,,,,,,,,,,,,,,,,,,,,,,,,,,,,,,,,,,,,,,,,,,,,,,,,,,,,,,,,,,,,,,,,,,,,,,1252755.0,,,,,,,,,,,920837.0,,,,,,,,,,,,,83865.0,,,,,,,,,,,,,,,,,,,,,,,,,,,,,,,,,,,,,,,,,,,,,,,,,,,,,,,,,,,,,,,,,,,,,,,,,,,,,,,,,,,,,,,,,,,,
2017-11-30 00:00:00.000000,,,,,,,,,,,,,,,,,,,,,,,,,,,,,,,,,,,,,,,,,,,,,,,,,,,,,,,,,,,,,,,,,,,,,,,,,,,,,,,,,,,,,,,,,,,,,,,,,,,,,,,,,,,,,,,,,,,,,,,,,,,,,,,,,,,,,,,,,,,,,,,,,,,,,,,,,,,,,,,,,,,,,,,,,,,,,,,,,,,,,,,,,,,,,,,,,,,,,,,,,,,,,,,,,,,,,,,,,,,,,,,,,,,,,,,,,,,,,,,,,,,,,,,,,,,,,,,,,,,,,,,,,,,,,,,,,,,,,,,,,,,,,,,,,,,,,,,,,,,,,,,,,,,,,,,,,,,,,,,,,,,,,,,,,,,,,,,,,,,,,,,,,,,,,,,,,,,,,,,603170.0,,,,,,,,,,,,,,,,,,,,,,,,,,,,,,,,,,,,,,,,,,,,,,,,,,,,,,,,,,,,,,,,,,,,,,,,,,,,,,,,,,,,,,,,,,,,,,,,,,,,,,,,,,,,,,,,,,,,,,,,,,722061.0,,,,,,,,,,,,,,,,,,,,,,,,,,,,,,,,,,,,,,,,,,,,,,,,,,,,,,,,,,,,,,,,,,,,,,,,,,,,,,,,,,,,,,,,,,,,,,,,,,,,,,,,,,,,,,,,,,,,,,,,,,,,,,,,,,,,,,,,,,,,,,,,,,,,,,,,,,,,,,,,,,,,,,,,,,,,,,,,,,,,,,,,,,,,,,,,,,,,,,,,,,,,,,,,,,,,,,,,,,,,,,,,,,,,,,,,,,328413.0,,,,,,,,,,,,,,,,,,,,,,,,,,,,,,,,,,,,,,,,,,,,,,,,,,,,,,,,,,,,,,,,,,,,,,,,,,,,,,,,,,,,,,,,,,,,,,,,,,1550940.0,,,,,,,,,,,,,,,,,,,,,,,,,,,,,,,,,,,,,,,,,,,,,,,,,,,,,,,,,,,,,,,,,,,,,,,,,,,,,,,,,,,,,,,,,,,,,,,,,,,,,,,,,,,,,,,,,,,,,,,,,,,,,,,,,,,,,,,,,,,,,,,,,,,,,,,,,,,,,,,,,,,,,,,,,,,,,,,,,,,
2017-12-31 00:00:00.000000,3124774.0,166280.0,123397.0,198306.0,559900.0,207088.0,361089.0,1055900.0,,434409.0,2836316.0,571905.0,150247.0,,452573.0,452573.0,104088.0,,303660.0,284812.0,356381.0,2990734.0,,6865000.0,1765300.0,,80231.0,80231.0,295780.0,,,261800.0,172648.0,433147.0,720800.0,803400.0,123500.0,234693.0,407973.0,222749.0,426780.0,616326.0,1464615.0,632954.0,644419.0,90795.0,375210.0,,3359000.0,318799.0,,,86056.0,97810.0,183087.0,,361348.0,182246.0,255202.0,187170.0,216985.0,3357339.0,1062140.0,850073.0,,226180.0,,308126.0,243129.0,,449000.0,468089.0,,865102.0,865102.0,577900.0,,147392.0,336900.0,3512300.0,,337188.0,1571000.0,1119100.0,,,497211.0,497211.0,343020.0,451715.0,,1234700.0,612332.0,0.0,738800.0,229678.0,189009.0,934039.0,172370.0,172370.0,102010.0,172599.0,323332.0,,462247.0,227697.0,420188.0,420188.0,,1187399.0,171992.0,,662373.0,662373.0,461109.0,426402.0,155746.0,155746.0,,,638603.0,379916.0,,255354.0,,862618.0,862618.0,742069.0,1136592.0,622989.0,,963519.0,,,,6901000.0,560721.0,,,508479.0,,528027.0,527200.0,666699.0,666699.0,,1245334.0,,518098.0,1754000.0,,275897.0,228586.0,,101679.0,101679.0,1075718.0,,,128605.0,80554.0,1202892.0,579252.0,185808.0,28661.0,252800.0,516192.0,1781000.0,,,144473.0,,200820.0,200820.0,141952.0,160629.0,160629.0,119341.0,876266.0,882305.0,361465.0,200787.0,,,87032.0,326600.0,,1858717.0,431041.0,4301500.0,613509.0,213322.0,,140718.0,1540947.0,463163.0,436900.0,334088.0,791700.0,155647.0,200853.0,203597.0,671298.0,151297.0,572154.0,1015100.0,1015100.0,,1483314.0,702314.0,517221.0,517221.0,,,,128642.0,606034.0,394771.0,1148000.0,516503.0,,118128.0,118128.0,140431.0,,346253.0,86110.0,302303.0,321048.0,,,,,818595.0,402493.0,515961.0,957462.0,5305000.0,13368.0,,1062000.0,786400.0,1009700.0,,163832.0,304839.0,,92036.0,,554018.0,554018.0,383500.0,,341646.0,356776.0,,968000.0,1223466.0,1223466.0,723188.0,501000.0,905036.0,301343.0,358649.0,348678.0,865991.0,288739.0,150075.0,57695.0,57695.0,271581.0,,,234477.0,365166.0,306313.0,153127.0,627535.0,627535.0,359960.0,359960.0,,,,136046.0,194042.0,179521.0,3769700.0,170082.0,799300.0,480448.0,1147012.0,1240328.0,,,219695.0,,447109.0,,,544338.0,18139.0,666598.0,,,,,,,1704349.0,206494.0,1352342.0,437411.0,266724.0,,119375.0,,239316.0,,,5772363.0,204637.0,534914.0,309111.0,947506.0,592172.0,114557.0,,376982.0,20261.0,359045.0,319384.0,1300288.0,,813709.0,,366281.0,1911670.0,616400.0,626776.0,,282908.0,1042770.0,1042770.0,215597.0,200801.0,1358839.0,154490.0,282908.0,,281502.0,111767.0,548947.0,155535.0,221200.0,101969.0,1109646.0,5572000.0,,755837.0,236514.0,855100.0,445408.0,,599182.0,,534486.0,,562925.0,,,,793049.0,1232004.0,239182.0,-42925.0,,192510.0,,485524.0,485524.0,230438.0,694528.0,8295000.0,8295000.0,1645509.0,605307.0,294579.0,272100.0,0.0,314933.0,,570324.0,783538.0,,210217.0,,,,244406.0,253621.0,338291.0,,174942.0,,,465849.0,169820.0,62166.0,1171550.0,505994.0,156085.0,783988.0,546032.0,547213.0,51561.0,51561.0,,265619.0,,386340.0,640056.0,58261.0,141662.0,167427.0,86167.0,1151900.0,457517.0,445084.0,1062520.0,,,,752725.0,1702000.0,526611.0,324026.0,426095.0,552958.0,421781.0,1026678.0,,,,338408.0,121237.0,1473000.0,189773.0,932200.0,,217217.0,403300.0,376286.0,149029.0,433159.0,323205.0,90494.0,90494.0,90494.0,393551.0,675154.0,817200.0,269251.0,405944.0,,365524.0,,1049600.0,2200000.0,,470700.0,945525.0,,1049600.0,,,0.0,817625.0,311600.0,547472.0,,342000.0,954100.0,,453973.0,,,,,,2722300.0,,286300.0,381661.0,321400.0,6358.0,541903.0,516244.0,265996.0,265996.0,291495.0,291495.0,1516086.0,1000380.0,,,493114.0,163062.0,1247000.0,880326.0,506533.0,320420.0,135736.0,396276.0,396276.0,1125200.0,1125200.0,,651620.0,577000.0,369061.0,,70697.0,199046.0,,162135.0,99588.0,786583.0,786583.0,160671.0,472702.0,851900.0,,348869.0,503285.0,138116.0,138116.0,,168479.0,5466.0,2588657.0,,3484600.0,348866.0,253419.0,535100.0,,329700.0,118521.0,282149.0,3415962.0,1000060.0,489331.0,489331.0,,,782161.0,782161.0,802871.0,285920.0,227812.0,,271020.0,76016.0,2906227.0,400949.0,,176110.0,891451.0,288923.0,,325456.0,,326253.0,1656300.0,,-10344.0,1810000.0,,,698934.0,258283.0,540398.0,,407894.0,228147.0,588554.0,211494.0,,,467200.0,671653.0,1061938.0,207963.0,157453.0,,125004.0,125004.0,961062.0,961062.0,2211000.0,185675.0,846216.0,399216.0,399216.0,1864000.0,,30001.0,,642018.0,642018.0,120535.0,,329000.0,,203882.0,178638.0,561828.0,198700.0,87234.0,444400.0,139864.0,183675.0,918570.0,572731.0,,396042.0,1777021.0,760512.0,1322164.0,841900.0,441265.0,895303.0,272132.0,,1365844.0,131260.0,1060233.0,308218.0,308218.0,875380.0,2461000.0,322238.0,373612.0,340786.0,883200.0,508557.0,908385.0,194610.0,,728800.0,1133000.0,194610.0,149872.0,,728800.0,322088.0,1171866.0,613954.0,268416.0,6262900.0,6262900.0,66890.0,,,134514.0,98956.0,,929398.0,1094312.0,,342450.0,278915.0,716266.0,959413.0,959413.0,716266.0,,1827279.0,208230.0,358595.0,,54350.0,227185.0,1335073.0,1335073.0,1335073.0,,134965.0,333899.0,0.0,158984.0,1324651.0,1324651.0,,,,,,,,180933.0,620052.0,828498.0,719000.0,805289.0,,213664.0,,269077.0,858116.0,813574.0,664506.0,161513.0,,1715967.0,193842.0,134838.0,,276839.0,,-144197.0,112414.0,70109.0,433513.0,387700.0,1821647.0,179248.0,,1463768.0,,884100.0,1718542.0,,83581.0,27051.0,,12515769.0,74186.0,,8684.0,154008.0,,,2141000.0,800799.0,0.0,313949.0,2095649.0,236544.0,318575.0,204446.0,854014.0,,194746.0,1638436.0,1320300.0,585142.0,2787800.0,2787800.0,113018.0,229314.0,139245.0,251343.0,1084627.0,,837031.0,1457676.0,175046.0,,449901.0,,235476.0,,1273627.0,387787.0,177554.0,,722189.0,338265.0,,,214766.0,839514.0,709427.0,,2882300.0,244946.0,244946.0,1350125.0,481507.0,1919000.0,104731.0,577741.0,,2469984.0,1248700.0,377114.0,332999.0,1938889.0,687502.0,454191.0,373336.0,661116.0,1126319.0,195462.0,,326656.0,,897347.0,897347.0,1368636.0,,949390.0,949390.0,36665.0,142757.0,81149.0,146941.0,1144909.0,330200.0,,,,446264.0,280632.0,324009.0,155983.0,281195.0,1955724.0,,640345.0,1582014.0,389483.0,454851.0,102897.0,287023.0,287023.0,282300.0,1723000.0,632597.0,310700.0,,475490.0,546218.0,,620820.0,634473.0,1355212.0,820078.0,1355212.0,627008.0,1022000.0,2685000.0,991600.0,,,1223872.0,816000.0,1171802.0,152019.0,,969308.0,6820000.0,5184400.0,,311113.0,1084000.0,386021.0,309999.0,612045.0,810400.0,,267117.0,67800.0,,619835.0,926711.0,1140700.0,192393.0,600513.0,243373.0,1392600.0,520412.0,917300.0,172741.0,,367297.0,,99824.0,429581.0,429581.0,1511200.0,1511200.0,161337.0,147794.0,422927.0,399140.0,399140.0,,678833.0,444245.0,167629.0,296411.0,165707.0,1059042.0,,542826.0,1026000.0,,72348.0,654420.0,654420.0,920673.0,1137641.0,,,813856.0,121511.0,,279434.0,90617.0,1619600.0,751916.0,,779670.0,208700.0,499000.0,184318.0,597332.0,579430.0,,101656.0,,771753.0,681768.0,,,424393.0,,1518100.0,,699612.0,699612.0,699612.0,,,94426.0,,1065313.0,187939.0,,,1055765.0,1055765.0,422580.0,,382344.0,622446.0,344908.0,113762.0,648023.0,,677000.0,76807.0,156175.0,316662.0,260875.0,,521976.0,539000.0,7343332.0,573163.0,,,1065659.0,83849.0,512600.0,1147404.0,522319.0,602400.0,,341978.0,914400.0,2658000.0,1386000.0,1386000.0,367424.0,6424655.0,1710000.0,258006.0,
2018-01-31 00:00:00.000000,,,,,,,,,,,,,,,,,,,,,,,1370505.0,,,,,,,,,,,,,,,,,,,,,,,,,,,,2083842.0,,,,,,,,,,,,,,,,,,,,,,,,,,,,,,,,,,,,,,,,,,,,,,,,,,,,,,,,,,2142442.0,,,380023.0,,,,,,,,,,,,,,,,,,,,,1168649.0,,,,,,,,296923.0,,,,,,,,,,,,,,,,,,,,,,,,,,,,864777.0,864777.0,,,,,,,,,,,,,,,,,,,,,,,,,,,,,,,,,,,,,,,,,,,,,,,,,,,,,,,,,,,,,,,,,,,,,,,,,,,,,2222958.0,,,,,,,,,2489060.0,,,,,,,,,,,,,,,,,,,,,,,,,,,,,,,,,,,,,,,,,,,,,,,,,,,,,,,,,,,,,615233.0,,,,,,,,,,,,,,,,,,,463413.0,,,,,,,,,,,,,,206763.0,,,,,,,,,,,,,,,,1416122.0,,,,,828848.0,,,,,,1054905.0,,3040100.0,,,,,,,,,,,,,,,,,,,,,,,,,,,312717.0,,,,,,,,,,,,134916.0,,,,,,,,,,,,,,,,,,,,,,,,,,,,,,,,,,,,,,,,,,,,,,,,,,,,,,,4332000.0,,,,,,,,,,,,,,,207536.0,,,,,,,,,,,,,,,,,,,,,,,,,,,,,,,,,,,,,,,,,,,,,,,,,,,,,,,,,,,,,,,,,,,,,,,,,,,,,,,2128789.0,,,,,,,,,,,,298078.0,,,,,,,,,,,,,,,,,,,,,,,,,,,,,,,,,,,,,,,,,,,,,,,,,,,,,,,,,,,,,,,,,,,,,,,431647.0,,,,,431647.0,,,,,,,,,,,,,612632.0,,,,,,,,,,,,,,,,,,,,,,,,,,,,,686395.0,711355.0,,,,,,,,,,,,,,,,,,,,,,,,,,,,,,,,,121565.0,,,,,,44161.0,,,,,,,849067.0,,,,,,,,,,,,,,,,,,,,,,,,,,411000.0,,,,,,,,,,,,296269.0,,,,,,,,,,,,,2190000.0,,,,,,,,,,,,,,351971.0,,,,,,,,,,,,,,,,,,,,,,,,,,,,,,,,,,,,,,,,,,,,,,,2115621.0,,,,,,,,,,,,,,,,,1408766.0,,,,,,,,,,,,,,,,,,,,,,,,,,,,,,,,,,,,,,,,,,,,,,,1175507.0,,,,,,,,,,,,,,,,,254009.0,,,,,,,,,,,,,,,,,,,,,,,,,,,,,,,,,,,,,,1931711.0,,,,,,,,,,,,,,,,,309874.0
2018-02-28 00:00:00.000000,,,,,,,,,,,,,,,,,,,,,,,,,,,,,,,,,,,,,,,,,,,,,,,,,,,,,,,,333518.0,,,,,,,,,,,,,,,,,,,,,,,,,,,,,,160309.0,,,,,4443015.0,,,,,,,,,,,,,,,,,,,,,,,,,,,,,,,,,,,,,,,,,,,,150890.0,,,,,,,,,,,,,,,,,,,,,,,,,,,,,,,,,,,,,,,,,,,,,,,,,,,,,,,,,,,,,,,,,,,,,,,,,,,,,,,,,,,,,,,,,,,,,,,,,,,,,,,,,,,,,,,,,,,,,,,,,,,,,,,,,,,,,,,,,,,,,,,,,,,,,,,,,,,,,,,,,,,,,,,,,,,,,,,,,,,,,,,,,,,,,,,,,,,,,,,,,,,,,,,,,,,,,,,,,,,,,,,,,,,,,,,,,,,,,,,,,,,,,,,,,,,,,,,,,,,,,,,,,,,,622101.0,,,,,,,,,,,,,,,,,,,,,,,,,,,,,,,,,,,,,,,,,,,,,,,,,,,,,,,,,,,,,,,,,,,,,,,,,,,,,,,,,,,,,,,,,,,,,,,,,,,,,,,,,,,,,,,,,,,,,,,,,,,,,,,,,,,,,,,,,,,,,,,,,,,,,,,,,,,,,,,,,,,,,,,,,,,,,,,,,,,,,,,,,,,,,,,,,,,,,,,,,,,,,,,,,,,,,,,,,,,,,,,,,,,,,,,,,,,,,,,,,,,,,,,,,,,,,,,,,,,,,,,,,,,,,,,,,,,,,,,,,,,,,,,,,,,,26459.0,,,,,,,,,,,,,,,,,,,,,,,,,,,,,,,,,,,,,,,,,,,,,,,,,,,,,,,,,,,,,,,,,,,,,,,,,,,,,,,,,,,,,,,,,,,,,,,,,,,,,,,,,,,,,,,,,,,,,,,,,,,,,,,,,,,,,,,,,,,,,,,,,,,,,,,,,,,,,,,,,,,,,,,,,,,,,,,,,,,,,,,,,,,,,,,,,,,,,,,,,,,,,,,,,,,,,,,,,,,,,,,,,,,,,,,,,,,,,,,,,,,,,,,,,,,,,,,,,,,,,,,,,,,,,,,,,,,,,,,,,,,,,,,,,,,,,,,,,
2018-03-31 00:00:00.000000,,,,,,,,,,,,,,,,,,,,,,,,,,64417.0,,,,,,,,,,,,,,,,,,,,,,,,,,,,,,,,,,,,,,,,,,,,,,,,,,,,,,,,,,,,,,,,,,,,,,,,,,,,,,,,,,,,,,,,,,,,,,,,,,,,,,,,,,,,,,,,,,,,,,,,,,,,,,,,,,,,,,,,,,,,,,,,,,,,,,,,,,,,,,,,,,,,,,,,,,,,,,,,,,,,,,,,,,,,760716.0,107253.0,,,,,,,,,,,,,,,180680.0,180680.0,,601241.0,,,,,,,,,,,,,,,,931642.0,,,,,,,,,,,,,,,,,,,,,,,,,,,,,,,,,225329.0,225329.0,225329.0,,,,,,,,,,,656940.0,,,,,,,,,,,,,,,,,,,,338756.0,,,,,,,,,,,,,,,,,,,,,,,,,,,,,,,,,,,,,,,,,,,,,,,,,,,,,,,,,,,,,,,,,,,,,,,,,,,,,,,,411908.0,,,,,,,,,,,,,,,,,,,,,,,,,,,,,,,,,,,,86760.0,86760.0,,,,,,,,,,,,,,,,,,,,,,,,,,,,,,,,,,,,,,,,,,,,,,,,,,,,340393.0,,,,,,,,,,,,,,,,,,,,,,,,,,,,,,,,,,,,,,1142193.0,,,,,,,,,,,,,,,,,,,,,,,,,,,,,,,,,,,,,,,,,,,,,,,,,,,,,,435574.0,,,,105873.0,,,,,,,,,,,,,,,,,,,,,,,,,,,,,,,,,,,,,,,,,,,,,,714882.0,,,,,,,,,,,,,,,,,,,,,,,,,,,,,,,,,,,,,,,,,,,,,,,,,,,,576505.0,,,,,,,,,,97807.0,,,,,,,,,,,439115.0,323482.0,,,,,,,,,,,,,,,,,,,664000.0,,,,,,,,,,,,,,,,,,,,,,,,,,,,,,,,,,,,,,,,,,,,,,,,,,,,,,,,,,,,,,,,,,,74587.0,,,,,,,,,,,,,,,,,,,,,,,,,,,,,,,,,,,,,,,,,,,,,1094223.0,,,,,,,,,,,,,,,,,,,,,,,,,,,,,,,665798.0,,,,,,,,,,,,,,,,,,,,,,,,,,,,,,,,,,,,,,,,,,,,,,,,,,,,,,,,,,,,,,,371948.0,,,,,,,,,,,,,,,295224.0,,473811.0,,,,520962.0,520962.0,,,,,,,,,,,,,,,,,,,,,,,,,,,529616.0,,,,,,,,,,,,,,,,,,
2018-04-30 00:00:00.000000,,,,,,,,,,,,,,,,,,,,,,,,,,,,,,,,,,,,,,,,,,,,,,,,255403.0,,,,,,,,,,,,,,,,,,,,,,,,,,,,,108888.0,,,,,,,,,,,,,,,,,,,,,,,,,,,,,,,,,,,,,,,,,,557233.0,557233.0,,,,,,,,,,,,,,,,,,,1769393.0,,,,,,,,,,,,,,,,,,,,,,,,,,,,,,,,,,,,,,,,,,,,,,,,,,,,,,,,,,,,,,,,,,,,,,,,,,,,,,,,,,,,,,,,,,,,,,,,,,,,,145669.0,,,,,,,,,,,,,,,,,,,,,,,,,,,,,,,,,,,,,,,,,,,,,,,,,,,,,,,,,,,,,,,,,,,,,,,,,,,,,,,,,,,,,,,,,,,,,,,,,,,,,,,,,,,,,,,,,,,,,,,,,,,,,,,,,,,,,,,,,,,,,,,,,,,,,,,,,,,,,,,,,,,,,,,,,,,,,,,,,,,,,,,,,,,,,,,,,,,,,,,,,,,,,,,,,,,,,,,,,,,,,,,,,,,,,,,,,,,,,,,,,,,,,,,489940.0,,,,,,,,,,,,,,,,,,,,,,,,,,,,,,,,,,,,,,,,,,,,,,,,,,,,,,,622747.0,,,,,,,,,,,,,,,,,,,,239600.0,,,,,,,,,,,,,,,,,,,,,,,,,,,,,,,,,,,,,,,,,,,,,,,,,,,,,,,,,,,,,,,,,,,,,,,,,,,,,,,,,,,,,,,,,,,,,,,,,,,,,,,,,,,,,,,,,,,,,,,,1199366.0,,,,,,,,,,,,,,,,,,,,,,,,,,,,,,,,,,,,,,,,,,,,,,,,,,,,,,,,,,,,,,,,,,,,,,,,,,,,,,,,,,,,,,,,,,,,,,,,,,,,,,,,,,,,,,,,,,,,,,,,,,,,,,,,,,,,,,,,,,,,,,,,,,,,,,,,,,,,,,,,,,,,,,,,,,,,,,,,,,,,,,,,,,,,,,,,,,,,,,,,,,,,,,,,,,,,,,,,,,,,,,,,,,,,,,,,,,,,,,,,,,,,,,,,,,,,,,,,,,,,,,,,,,,,,,,,,,,,,,,,,,,,,,,,,,,,,,,,,,,,,,,,,,,,,,
2018-05-31 00:00:00.000000,,,,,,,,,,,,,,,,,,,,,,,,,,,,,,294600.0,,,,,,,,,,,,,,,,,,,,,,176875.0,,,,,,,,,,,,,,,,,,,,,,,,,,,,,,,,,,,,,,,,,,,,,,,,,,,,,,,,,,,,,,,,,,,,,,,,,,,,,,,,,,361046.0,,,,,,,,,,,,,,,,,,,,,,,,,,,,,,,,,,,,,,,,,,,,,,,,,,,,,,,,,,,,,,,,,,,,,,,,,,,,,,,,,,,,,,,,,,,,,,,,,,,,,,,,,,,,,,,,,,,,,,,,,,,,,,,,,,,,,,,,,,,,,,,,,,,,,,,,,,,,,,,,,,,,,,,,,,,,,,,,,,,,,,,,,,,,,,,,,,,,,,,,,,,,,,,,,,,,,,,,,,,,,,,,,,,,,,,,,,,,,,,,,,,,,,,,,,,,,,,,,,,,,,,,,,,,,,,,,,,,,,,,,,,,,,,,,,,,,,,,,,,,,,,,,,,,,,,,,,,,,,,,,,,,,,,,,,,,,,,,,,,,,,,,,,,,,,,,,,,,,,,,,,,,,,,,,,,,,,,,,,,,,,,,,,,,,,,,,,,,,,,,,,,,879500.0,,,,,,,,,,,,,,,,,,,,,,,,,,,,,,,,,873000.0,,,,,,,,,,,,,,,,,,,,,,,,,,,,,,,,,,,,,,190252.0,,,,,,,,,,,,,,,,,,,,,,,,,,,,,,,,,,,,,,,,,,,,,,,,,,,,,,,,,,,,,,,,,,,,,,,,,,,,,,,,,,,,,,,,,,,,,,,,,,,,,,,,,,,,,,,,,,,,,,,,,,,,,246055.0,,,,,,,,,,,,,,,,,,,,2181212.0,,,,,,,,,,,,,,,,,,,,,,,,883800.0,,,,,,,,,,,,,,,,,,,,,,,,,,,,,,,,,,,,,,,,,,,,,,,,,,,,,,,,,,,,,,,,,,,,,,,,,,,,,,,,,,,,,,,,,,,,,,,,,,,,,,,,,,,,,,,,,,,,,,,,,,,,,,,,,,,,,,,,,,,,,,,,,,,,,,,,,,,,,,,,,,,,,,,,,,,,,,,,,,,,,,,,,,,,,,,562857.0,,,,,,,,,,,,,,,,,,,,,,,
2018-06-30 00:00:00.000000,,,,,,,,,,,,,,,,,,,,,,,,,,,,,,,883995.0,,,,,,,,,,,,,,,,,,,,,,,,,,,,,,,,,,,,,,,585607.0,,,,,,,,,,,2527184.0,,,,,,,,,,,,,,,,,,,,,,,398082.0,,,,,,,,,,,,,,,,,,,,,,,,,,,340700.0,,,,,,,,,,,,,,,,,,,,,,,1091200.0,,,,,,,,,,,,,,,,,,,,,,,,,,,,,,,,,,,,,,,,,,,,,,,,,,,,,,407642.0,,,,,382200.0,,,,,,,,752600.0,,,,,,,,,,,,,,,,,,,,,,,,,,,,,,,,,,,,,,,,,,,,,,,,,,,,548010.0,,,,,,,,,,,,,,,,,,,,,,,,,,220966.0,,,,,,,,,415964.0,,,,,,,,,,,534517.0,,,,,,,,,,,,,,,,,,,,,,153412.0,,,,,,,,,,,,,,,,,,,,,,,,,,,,,,,,,,,,,,,,,,,,,,,,,,,,,,,,515448.0,,,,,,,,,,,,,,,,,,,,,,,,,,,,,,,,,,,,,,,,,,,,,,461288.0,461288.0,,,,,,,,,,,,,,,,,,,,,,,,,,138819.0,,,,,,662961.0,,,,,,,,,,,,,,,,832292.0,,,,,,,,,,,,,303513.0,288706.0,,,,,,,,,,,,432100.0,,,,,,,,,,,,,,,,,,,,,,,,,,,,,,,,,,,,,1386800.0,1386800.0,,,,,,,,,,,,,,,,,,,,,,,,,,,,,,,,,91936.0,,,,,,,595400.0,,,,,,,,,,,,,,,,,,,,,,,,,,,,,,,,,,,,,,,,,,,,,,,,,,,,,,,,,,,,,,,,,,,,391652.0,,,,,,,266879.0,,,,,,,,,,,,,,,,,,,,,,,,,,,,,,,,,,,,,,,,,,,,,,,,,,,,,,,,,,58411.0,,,,,,,,,,,209239.0,,,542869.0,,,,,,,,,,,,,,,,,,,,,,,,,,,,,,,,,,,,,,436125.0,,,,,,,,,,,,,,,,,,,,,,,,,,,,,,,,,,,,,,,,,,,,,,,,,,,,,,,,,,,,,,301801.0,,,480100.0,,,,,,,,,,,432143.0,,,,,,,,,,,,,,,,,,,,,,,,,,,,,,,,,,,,,,,,,,,,,,,,,,86428.0,,,,,,,,,,,,,,,,,,,,,,,,,492200.0,,,,,,,,,,,,,,,,,,,,,,,,,,,,,,,,,,,,,,,,,,,,,,,,,,,,,,,,,,,,
2018-07-31 00:00:00.000000,,,,,,,,,,,,,,,,,,,,,,,,,,,,,,,,,,,,,,,,,,,,,,,,,,,,,,,,,,,,,,,,,,,3791500.0,,,,,,,,,,,,,,,,,,,,,,,,,,,,,,,,,,,,,,,,,,,,,,,,,,,,,,,,588291.0,,,,,,,,,,,,,,,,,,,,,,,437348.0,,,,,,,,,,,,,,,,,,,,,,,,,,,,,,,,,,,,,,413971.0,,,223941.0,,,,,,,,,,,,,,,,,,,,,,,,,,,,,,,,,,,,,,,,,,,,,,,,,,,,,,,,,935500.0,,,,,,,,,,,,,,,,,,,,,,,,,,,,,,,,,,,,,,,,,,,,,,,,,,,,,,,,,,,,,,,,,,,,,,,,,,,,,,,,,,,,,,,,,,,,,,,,,,,,,,,,,,,,,,,,,,,,,,,,,,,,,,,,,,,,,,,,,,,,,,,,,,,,,,,,,,,,,,,,,,,,,,,,,,,,,,,,,,,,,,,,,,,,,,,,,,,,,,,,,,,,,,,,,,,,,,,,,,,,,,,,,,,,,,,,,,,,,,,,,,,,,,,,,,,,,,,,,,,,,,,,,,,,,,,,,,,,,,,,,,,,,,,,,,,,,,,,,,,,,,,,,,,,,,,,,,,,,,,,,,,,,,,,,,,,,,,,,,,,,,,,,,,,,,,,,,,,,,,,,,,,,,,,,,,,,,,,,,,,,,,,,,,,,,,,,,,,,,,,,,,,,,,,,,,,,,,,,,,,,,,,,,,,,,,,,,,,,,,,,,,,,,,,,,,,,,,,,,,,,,,,,,,,,,,,,,,,,,,,,,,,,,,,,,,,,,,,,,,,,,,,,,,,,,,,,,,,,,,,,,,,,,,,,,,,,,,,,,,,,,,,,,,,,,,,,,,,,,,,,,,,,,,,,,,,,,,,,,,,,,,,,,,,,,,,,,,,,,,,,,,,,,,,,,,,,,,,,,,,,,1164666.0,,,,,,,,,,,,,,,,,,,,,,,,,,,,,,,,,,,,,,,,,,,,,,,,,,,1522767.0,,,,,,,,,,,,,,,,,,,,,,,,,,,,,,,,,,,,,,,,,,,,,,,,,,,,,,,,,,,,,,,,,,,,,,,,,,,
2018-08-31 00:00:00.000000,,,,,,,,,,,,,,,,,,,,,,,,,,,,,,,,,,,,,,,,,,,,,,,,,,,,,,,,,,,,,,,,,,,,,,,,,,,,,,,,,,,,,1486800.0,,,,,,,,,,,,,,,,,,,,,,,,,,,,,,,,,,,,,,,,,,,,,,,,,,,,,,,,,,,,,,,,,,,,,,,,,,,,,,,,,,,,,,,,,,,,,,,,,,622165.0,,,,,,,,,,,,,,,,,,,,,,,,,,,,,,,,,,,,,,,,,,,,,,,,,,,,,,,,,,,,,,,,,,,,,,,,,,,,,,,,,,,,,,,,,,,,,,,,,,,,,,,,,,,,,,,,,,,,,,,,,,,,,,,,,,,,,,,,,,,,,,,,,690849.0,,,,,,,,,,,,,,,,,,,,,,,,,,,,,,,,,,,,409055.0,,,,,,,,,,,,,,,,,,,,,,,,,,,,,,,,,,,,,,,,,,,,,,,,,,,,,,,,,,,,,,,,,,,,,,,,,,,,,,,,,,,,,,,,,,,,,,,,,,,,,,,1706792.0,,,,,,,,,,,,,,,,,,,,,,,,,,,,,,,,,,,,,,,,,,,,,,,,,,,,,,,,,,151462.0,,,,,,,,,,,,,,,,,,,,,,,,,,,,,,,,,,,,,,,,,,,,,,,,,,,,,,,,,,,1392961.0,,,,,,,,,,,,,,,,,,,,,,,,,,,,,,,,,,,,,,,,,,,,,,,,,,,,,,,,,,,,,,,,,,,,,,,,,,,,,,,,,,,,,,,,,,,,,,,,,,,,,,,,,,,,,,,,,,,,,,,,,,,,,,,,,,,,,,,,,,,,,,,,,,,,,,,,,,,,,,,,,,,,,,,,,,,,,,,,,,,,,,,,,,,,,,,,,,,,,,,,,,,,,,,,,,,,,,,,,,,,,,,,,,,,,,,,,,,,,,,,,,,,,,,,,,,,,,,,,,,,,,,,,,,,,,,,,,,,,,,,,,,,,,,,,,,,,,,,,,,,,,,,,,,,,,,,,,,,,,,,,,,,,,,,,,,,639765.0,,,,,,,,,,,,,,,,,,,,,,,,,,,,,,,,,,,,,,,,,225263.0,,,,,,299836.0,,,,,,,,,,,,,,,,,,,,,,,,,,,,,
2018-09-30 00:00:00.000000,,,,,,,,,,,,,,650649.0,,,,911000.0,,,,,,,,,,,,,,,,,,,,,,,,,,,,,,,,,,,,,,,,,,,,,,,1075000.0,,,,,,,,1947698.0,,,,,,,,,,,,,,,,,,,,,,,,,,,,,,,,,,,,,,,,,,,,,,,,,,,,246081.0,,,,,,,,,,,,,275224.0,,,,,,,,,,781000.0,,,314105.0,,,,,,,675376.0,675376.0,,,,,,,,,,,,,,,,,,,,,,,,,,,,,,,,,,830691.0,,,,,,,,,,,,,,,,,,,,,,,,,,,,,,,,367506.0,,,,,,,,,,,,,,,,,,,,,,,,,,,,108883.0,,,,,,,,,,,,,,,,,,,,,,,,,,,,,,,,,,,,,,,,,830900.0,,,206625.0,,,1036800.0,,,,281185.0,281185.0,281185.0,281185.0,,,,,,,,,,,,,482910.0,,,,,,,,,,,,,,721776.0,,,,,,,,,,,,,,,,,,,,,,,,,,,,,,,,,,,,10972.0,,529560.0,,,,,,,,,,,,,,,,,,,,481446.0,,,,,,47678.0,47678.0,,,,,,642900.0,,,,,,,,,,,,,,,1394200.0,,,,,,,,,,,,,298233.0,,,,,,,,,70807.0,,,,,,,,581600.0,,,,,,,,,,,,,,,369939.0,,,,,,,,,,336286.0,,,,,,,,,,,,,,409441.0,409441.0,,,,,,,,,,,,,,,,,,,,,,,,,,,,,,,,,,,,,,,,,,,124427.0,,,,,,,,,,,,,,581350.0,,,,,,,,,,,,,,,,,,,,,,,,,,594385.0,,,,,,,,,,,,,,,,,305529.0,,,,,,,,,,,,,,,,,,,,,,,1013885.0,,333879.0,,,,,,,,,,,,,,,,,,,,,,,,,,,,,,,,,,,,,,,,,,,,,,,,,,1355700.0,,,,,,,,,,,,,,,,,,,,,,,,,,,,,,,,,,,,257600.0,,,,,,1866800.0,,65355.0,,,,,,,,,,,,915630.0,,,,,,,,,,,,,,,,,,,,,,,,,,,,,,,,,,,,,,,,,,,,,,,,,,,463783.0,,1944413.0,,,,,,,,,,,,,,,,,,,,,,,,,,,,,,,,,864600.0,,,,,,,,,,,,,,,599200.0,599200.0,67339.0,,,,,,,,,,,,,,,,,,,,,,,,,,,,,,,,,,,,,,,,,,,,,,,,,,,,,,,,,,,,,,,,,384458.0,,,,,,,,,,,,,,,,,,,,,3576300.0,,,,,,,,,,,,,,,,,,,,,,,,130461.0,,,,253900.0,,,,,,,,,,,806000.0,,,516115.0,516115.0,,,,,,,,,,,,,,,,,,,,,,,,,,,,,606198.0,,,,,,,,,,
2018-10-31 00:00:00.000000,,,,,,,,,694800.0,,,,,,,,,,,,,,,,,,,,,,,,,,,,,,,,,,,,,,,,,,,,,,,,,,,,,,,,,,,,,,,,,,,,,,,,,,,,,,,,,,,,,,,,,,,,,,,,,,,,,,,,,,,,,,,,,,,,,,,,,,,,,,,,,,,,,,,,,,,,,,,,,,,,,,,,,,,,,,,,,,,1314690.0,,,,,,,,,,,,,,,,,,,,,,,,,,,,,,,,,,,,,,,,,,,,,,,,,,,,,,,,,,,,113616.0,,,,,,,,,,,,,,,,,,,,,,,,,,,,,,,,,,,,,,,,,,,,,,,,,,,,,,,,,,,,,,,,,,,,,,,,,,,,,842863.0,,,,,,,,,,,,,,,,,,,,,,,,,,,,,,,,,,,,,,,,,,,,,,,,,,,,,,,,,,,788900.0,,,,,,,,,,,,,,,,,,,,,,,,,,,,,,,,,,,,,,,,,,,,,,,,,,,,,,,,,,,,,,,,,,,,,,,,,,,,,,,,,,,,,,,,,,,,,,,,,,,,,,,,,,,,,,,,,,,,,,2122000.0,,,,,,,,,,,,,,,,,,,,,,,,,,,,,,,,,,,,,,,,,,,,,,,,,,,,,,,,,,,,,,,,,,,,,,,,,,,,,,,,,,,,,,,,,,,,,,,,,,,,,,,,,,,,,,,,,,,,,,,,,1235965.0,,,,,,,,,,,,,,,,,,,,,,,,,,,,193218.0,,,,,,,,,,,,,,,,,,,,,,,,,,,,,,,,,,,,,,,,,,,,,,,,,,,,,,,,,,,,,131503.0,,,,,,,,,,,,,,,,,,,,,,,,,,,,,,,,,,,,,,,,,,,,,,,,,,,,,,,,,,,,,,,,,,,,,,251665.0,,,,,,,,,,,,,,,,,,,,,,,,,,,,,,,,,,,,,,,,,,,,,,,,,,,,,,,,,,,,,,,,,,,,,,,,,,,,,,,,,,,,,,,,,,,,,,,,,,,,,,,,,,,,,,1470251.0,,,,,,,,,,,941011.0,,,,,,,,,,,,,92176.0,,,,,,,,,,,,,,,,,,,,,,,,,,,,,,,,,,,,,,,,,,,,,,,,,,,,,,,,,,,,,,,,,,,,,,,,,,,,,,,,,,,,,,,,,,,,
2018-11-30 00:00:00.000000,,,,,,,,,,,,,,,,,,,,,,,,,,,,,,,,,,,,,,,,,,,,,,,,,,,,,,,,,,,,,,,,,,,,,,,,,,,,,,,,,,,,,,,,,,,,,,,,,,,,,,,,,,,,,,,,,,,,,,,,,,,,,,,,,,,,,,,,,,,,,,,,,,,,,,,,,,,,,,,,,,,,,,,,,,,,,,,,,,,,,,,,,,,,,,,,,,,,,,,,,,,,,,,,,,,,,,,,,,,,,,,,,,,,,,,,,,,,,,,,,,,,,,,,,,,,,,,,,,,,,,,,,,,,,,,,,,,,,,,,,,,,,,,,,,,,,,,,,,,,,,,,,,,,,,,,,,,,,,,,,,,,,,,,,,,,,,,,,,,,,,,,,,,,,,,,,,,,,,,836894.0,,,,,,,,,,,,,,,,,,,,,,,,,,,,,,,,,,,,,,,,,,,,,,,,,,,,,,,,,,,,,,,,,,,,,,,,,,,,,,,,,,,,,,,,,,,,,,,,,,,,,,,,,,,,,,,,,,,,,,,,,,803082.0,,,,,,,,,,,,,,,,,,,,,,,,,,,,,,,,,,,,,,,,,,,,,,,,,,,,,,,,,,,,,,,,,,,,,,,,,,,,,,,,,,,,,,,,,,,,,,,,,,,,,,,,,,,,,,,,,,,,,,,,,,,,,,,,,,,,,,,,,,,,,,,,,,,,,,,,,,,,,,,,,,,,,,,,,,,,,,,,,,,,,,,,,,,,,,,,,,,,,,,,,,,,,,,,,,,,,,,,,,,,,,,,,,,,,,,,,,330192.0,,,,,,,,,,,,,,,,,,,,,,,,,,,,,,,,,,,,,,,,,,,,,,,,,,,,,,,,,,,,,,,,,,,,,,,,,,,,,,,,,,,,,,,,,,,,,,,,,,1927699.0,,,,,,,,,,,,,,,,,,,,,,,,,,,,,,,,,,,,,,,,,,,,,,,,,,,,,,,,,,,,,,,,,,,,,,,,,,,,,,,,,,,,,,,,,,,,,,,,,,,,,,,,,,,,,,,,,,,,,,,,,,,,,,,,,,,,,,,,,,,,,,,,,,,,,,,,,,,,,,,,,,,,,,,,,,,,,,,,,,,
2018-12-31 00:00:00.000000,3634924.0,87773.0,103533.0,209412.0,657067.0,258583.0,457788.0,1103000.0,,477228.0,3012442.0,579429.0,179636.0,,372123.0,372123.0,131184.0,,203565.0,266926.0,365607.0,2936589.0,,7150000.0,1996700.0,,81084.0,81084.0,349749.0,,,346500.0,180290.0,246016.0,907200.0,803200.0,262000.0,256115.0,417488.0,274779.0,258110.0,507540.0,1525980.0,669715.0,696383.0,106985.0,377753.0,,3397300.0,302005.0,,,74275.0,128552.0,182407.0,,416299.0,234751.0,299453.0,265128.0,-68941.0,3700912.0,1222761.0,1023651.0,,174487.0,,293294.0,135766.0,,630300.0,0.0,,951800.0,951800.0,555802.0,,182631.0,390900.0,3207300.0,,327878.0,1658000.0,1140400.0,,,532365.0,532365.0,307584.0,499569.0,,1321000.0,687696.0,199949.0,785600.0,263250.0,204252.0,1008412.0,250486.0,250486.0,109770.0,172326.0,300849.0,,349500.0,220593.0,468775.0,468775.0,,1223151.0,194804.0,,646952.0,646952.0,576152.0,466864.0,162349.0,162349.0,,,650028.0,366421.0,,272923.0,,940943.0,940943.0,857259.0,1255351.0,702026.0,,965317.0,,,,7150000.0,569760.0,,,447460.0,,597985.0,679500.0,605945.0,605945.0,,1324678.0,,569432.0,1971000.0,,300667.0,209563.0,,104126.0,104126.0,1227954.0,,,-22900.0,69926.0,1309178.0,600286.0,194270.0,38686.0,289600.0,554004.0,1867000.0,,,151929.0,,341650.0,341650.0,169323.0,180795.0,180795.0,124247.0,866949.0,994752.0,306452.0,186206.0,,,61993.0,293900.0,,2041006.0,469110.0,4313500.0,787202.0,744642.0,,159308.0,1555712.0,565877.0,529000.0,372796.0,867500.0,246032.0,336535.0,211569.0,553556.0,149728.0,610926.0,1189300.0,1189300.0,,1497483.0,840067.0,560154.0,560154.0,,,,172984.0,904346.0,425239.0,1174700.0,443293.0,,140488.0,140488.0,164973.0,,316875.0,80382.0,310534.0,392526.0,,,,,871261.0,420855.0,520516.0,931455.0,5416000.0,31501.0,,1157000.0,740643.0,890900.0,,155849.0,324394.0,,112368.0,,600449.0,600449.0,375700.0,,353087.0,435276.0,,897000.0,1206277.0,1206277.0,688084.0,630000.0,1234469.0,5675.0,373281.0,376009.0,1302679.0,264204.0,113127.0,57447.0,57447.0,332208.0,,,329411.0,460100.0,383726.0,170094.0,739814.0,739814.0,339611.0,339611.0,,,,140868.0,213998.0,151396.0,4118600.0,250167.0,800400.0,578369.0,1205453.0,1315396.0,,,274475.0,,543074.0,,,669975.0,30612.0,1000415.0,,,,,,,2053235.0,256912.0,1548020.0,827478.0,298257.0,,139587.0,,259506.0,,,5747844.0,228345.0,583474.0,340859.0,966767.0,699803.0,124621.0,,432366.0,73398.0,552244.0,364470.0,1883108.0,,780912.0,,446279.0,1882516.0,656400.0,661214.0,,287100.0,1142000.0,1142000.0,210339.0,211073.0,1340137.0,205496.0,287100.0,,281520.0,116165.0,392177.0,152310.0,282100.0,17965.0,1350800.0,5272000.0,,792223.0,266039.0,858600.0,542506.0,,660790.0,,638971.0,,575614.0,,,,882539.0,1008534.0,351985.0,0.0,,130407.0,,553559.0,553559.0,253475.0,690467.0,8430000.0,8430000.0,1725093.0,453072.0,215720.0,295900.0,112457.0,389192.0,,591625.0,631212.0,,205533.0,,,,231292.0,236840.0,333356.0,,218611.0,,,477620.0,209209.0,121684.0,1191599.0,439278.0,196680.0,835038.0,656343.0,545244.0,155281.0,155281.0,,271891.0,,433643.0,735655.0,56638.0,135602.0,156792.0,109643.0,1300400.0,445601.0,446645.0,1109324.0,,,,900945.0,1903000.0,578196.0,371591.0,570028.0,537178.0,183323.0,1117895.0,,,,383241.0,178580.0,1368000.0,225843.0,1018500.0,,261004.0,435000.0,427562.0,143391.0,555428.0,380135.0,107906.0,107906.0,107906.0,362665.0,730319.0,887200.0,267676.0,-26120.0,,425047.0,,1504800.0,2076000.0,,537600.0,1006221.0,,1504800.0,,,9089500.0,885599.0,285200.0,550037.0,,456000.0,972200.0,,584779.0,,,,,,3725100.0,,322600.0,869740.0,335100.0,3741.0,580606.0,536515.0,261450.0,261450.0,312314.0,312314.0,1777000.0,1065374.0,,,520344.0,152645.0,1504000.0,1028521.0,652541.0,379916.0,245116.0,653606.0,653606.0,1111200.0,1111200.0,,734469.0,543000.0,392940.0,,73939.0,195491.0,,174885.0,120884.0,922511.0,922511.0,187359.0,416100.0,744000.0,,368396.0,623611.0,138449.0,138449.0,,184473.0,15835.0,2819868.0,,3579000.0,318276.0,280457.0,574892.0,,347800.0,123257.0,307619.0,3380004.0,989507.0,628227.0,628227.0,,,724543.0,724543.0,790566.0,322725.0,379899.0,,197182.0,83599.0,2169268.0,449578.0,,206669.0,979476.0,318694.0,,357478.0,,394770.0,1471200.0,,-48415.0,2499000.0,,,775285.0,322668.0,611863.0,,398139.0,434109.0,653197.0,251105.0,,,461400.0,1058832.0,1088700.0,208774.0,179293.0,,167060.0,167060.0,1025405.0,1025405.0,1923000.0,263247.0,1080645.0,426174.0,426174.0,1675000.0,,-70725.0,,585363.0,585363.0,119369.0,,416800.0,,181740.0,273628.0,597562.0,183400.0,75883.0,479000.0,179573.0,227021.0,993718.0,681909.0,,341698.0,2044868.0,790555.0,1482095.0,876100.0,430343.0,919126.0,263844.0,,1122553.0,146465.0,1094422.0,730624.0,730624.0,1144243.0,2551000.0,318751.0,386517.0,356414.0,903200.0,507362.0,881682.0,129226.0,,1124000.0,1283000.0,129226.0,253620.0,,1124000.0,372330.0,1366963.0,711890.0,241745.0,6021700.0,6021700.0,21649.0,,,147467.0,113613.0,,991679.0,1178980.0,,354970.0,415866.0,727815.0,602615.0,602615.0,727815.0,,1629431.0,266934.0,861106.0,,42991.0,221168.0,1539954.0,1539954.0,1539954.0,,163015.0,359352.0,0.0,243468.0,1501200.0,1501200.0,,,,,,,,211736.0,841937.0,810976.0,744900.0,870173.0,,214788.0,,410452.0,877082.0,874831.0,801291.0,178544.0,,1937328.0,238679.0,100362.0,,286969.0,,8192.0,345847.0,234996.0,421414.0,615100.0,1664843.0,212704.0,,1581551.0,,964600.0,1688168.0,,419991.0,47607.0,,12875664.0,107501.0,,208865.0,134358.0,,,2200000.0,820364.0,0.0,177500.0,2056467.0,242360.0,310783.0,219598.0,927128.0,,192139.0,2558839.0,1255400.0,568797.0,3281500.0,3281500.0,125964.0,213029.0,344169.0,210879.0,1075542.0,,829582.0,1446125.0,230070.0,,512243.0,,261537.0,,1322265.0,573863.0,211747.0,,760322.0,341503.0,,,319236.0,899972.0,740202.0,,2982914.0,280115.0,280115.0,1747475.0,682110.0,2107900.0,126627.0,616038.0,,2586080.0,1341904.0,553768.0,334224.0,2223605.0,747106.0,521399.0,414169.0,689763.0,1361169.0,487475.0,,312787.0,,927961.0,927961.0,1428506.0,,1041006.0,1041006.0,227313.0,137066.0,82577.0,166492.0,1110406.0,410700.0,,,,480519.0,463643.0,355579.0,124901.0,281746.0,1907672.0,,1058800.0,2322814.0,460021.0,634185.0,163527.0,393541.0,393541.0,278500.0,2073000.0,666543.0,326400.0,,466129.0,552780.0,,955806.0,665600.0,1445431.0,977950.0,1445431.0,639400.0,1026000.0,2773000.0,1110800.0,,,1220394.0,966800.0,1384442.0,179688.0,,1141349.0,6675000.0,4494300.0,,294612.0,955400.0,424357.0,328256.0,507225.0,1040100.0,,283018.0,104900.0,,697239.0,377512.0,1120700.0,188173.0,728466.0,294894.0,1681000.0,526788.0,570300.0,178767.0,,351244.0,,162298.0,457034.0,457034.0,1377500.0,1377500.0,173585.0,188179.0,444497.0,439578.0,439578.0,,712623.0,531711.0,175841.0,276283.0,141804.0,1077826.0,,592894.0,1152000.0,,76210.0,723942.0,723942.0,947653.0,1217189.0,,,880569.0,168780.0,,294200.0,101663.0,1429100.0,823816.0,,1100000.0,-92900.0,411000.0,193719.0,621787.0,577778.0,,138971.0,,991255.0,658280.0,,,551350.0,,1540500.0,,888524.0,888524.0,888524.0,,,87982.0,,1233885.0,197913.0,,,1189249.0,1189249.0,427943.0,,440140.0,603175.0,418059.0,142915.0,944710.0,,796000.0,121118.0,189722.0,378727.0,283651.0,,488207.0,1163000.0,7718718.0,531147.0,,,1120252.0,82432.0,545400.0,1316789.0,529613.0,656500.0,,320978.0,921300.0,2018000.0,1873000.0,1873000.0,392842.0,6887160.0,1981000.0,324519.0,
2019-01-31 00:00:00.000000,,,,,,,,,,,,,,,,,,,,,,,1487638.0,,,,,,,,,,,,,,,,,,,,,,,,,,,,2159916.0,,,,,,,,,,,,,,,,,,,,,,,,,,,,,,,,,,,,,,,,,,,,,,,,,,,,,,,,,,2121895.0,,,366073.0,,,,,,,,,,,,,,,,,,,,,1156344.0,,,,,,,,307129.0,,,,,,,,,,,,,,,,,,,,,,,,,,,,763414.0,763414.0,,,,,,,,,,,,,,,,,,,,,,,,,,,,,,,,,,,,,,,,,,,,,,,,,,,,,,,,,,,,,,,,,,,,,,,,,,,,,2211829.0,,,,,,,,,2437782.0,,,,,,,,,,,,,,,,565308.0,,,,,,,,,,,,,,,,,,,,,,,,,,,,,,,,,,,,,,,,,,,,,614911.0,,,,,,,,,,,,,,,,,,,565085.0,,,,,,,,,,,,,,162996.0,,,,,,,,,,,,,,,,1047056.0,,,,,939604.0,,,,,,1107109.0,,2308100.0,,,,,,,,,,,,,,,,,,,,,,,,,,,328735.0,,,,,,,,,,,,181193.0,,,,,,,,,,,,,,,,,,,,,,,,,,,,,,,,,,,,,,,,,,,,,,,,,,,,,,,4149000.0,,,,,,,,,,,,,,,203069.0,,,,,,,,,,,,,,,,,,,,,,,,,,,,,,,,,,,,,,,,,,,,,,,,,,,,,,,,,,,,,,,,,,,,,,,,,,,,,,,2023668.0,,,,,,,,,,,,369358.0,,,,,,,,,,,,,,,,,,,,,,,,,,,,,,,,,,,,,,,,,,,,,,,,,,,,,,,,,,,,,,,,,,,,,,,497651.0,,,,,497651.0,,,,,,,,,,,,,637124.0,,,,,,,,,,,,,,,,,,,,,,,,,,,,,748114.0,683596.0,,,,,,,,,,,,,,,,,,,,,,,,,,,,,,,,,132549.0,,,,,,30215.0,,,,,,,1000847.0,,,,,,,,,,,,,,,,,,,,,,,,,,464000.0,,,,,,,,,,,,308992.0,,,,,,,,,,,,,2160800.0,,,,,,,,,,,,,,377022.0,,,,,,,,,,,,,,,,,,,,,,,,,,,,,,,,,,,,,,,,,,,,,,,2255899.0,,,,,,,,,,,,,,,,,1377467.0,,,,,,,,,,,,,,,,,,,,,,,,,,,,,,,,,,,,,,,,,,,,,,,1346712.0,,,,,,,,,,,,,,,,,238587.0,,,,,,,,,,,,,,,,,,,,,,,,,,,,,,,,,,,,,,2101013.0,,,,,,,,,,,,,,,,,335936.0
2019-02-28 00:00:00.000000,,,,,,,,,,,,,,,,,,,,,,,,,,,,,,,,,,,,,,,,,,,,,,,,,,,,,,,,293565.0,,,,,,,,,,,,,,,,,,,,,,,,,,,,,,198621.0,,,,,4103980.0,,,,,,,,,,,,,,,,,,,,,,,,,,,,,,,,,,,,,,,,,,,,147764.0,,,,,,,,,,,,,,,,,,,,,,,,,,,,,,,,,,,,,,,,,,,,,,,,,,,,,,,,,,,,,,,,,,,,,,,,,,,,,,,,,,,,,,,,,,,,,,,,,,,,,,,,,,,,,,,,,,,,,,,,,,,,,,,,,,,,,,,,,,,,,,,,,,,,,,,,,,,,,,,,,,,,,,,,,,,,,,,,,,,,,,,,,,,,,,,,,,,,,,,,,,,,,,,,,,,,,,,,,,,,,,,,,,,,,,,,,,,,,,,,,,,,,,,,,,,,,,,,,,,,,,,,,,,,641106.0,,,,,,,,,,,,,,,,,,,,,,,,,,,,,,,,,,,,,,,,,,,,,,,,,,,,,,,,,,,,,,,,,,,,,,,,,,,,,,,,,,,,,,,,,,,,,,,,,,,,,,,,,,,,,,,,,,,,,,,,,,,,,,,,,,,,,,,,,,,,,,,,,,,,,,,,,,,,,,,,,,,,,,,,,,,,,,,,,,,,,,,,,,,,,,,,,,,,,,,,,,,,,,,,,,,,,,,,,,,,,,,,,,,,,,,,,,,,,,,,,,,,,,,,,,,,,,,,,,,,,,,,,,,,,,,,,,,,,,,,,,,,,,,,,,,,16184.0,,,,,,,,,,,,,,,,,,,,,,,,,,,,,,,,,,,,,,,,,,,,,,,,,,,,,,,,,,,,,,,,,,,,,,,,,,,,,,,,,,,,,,,,,,,,,,,,,,,,,,,,,,,,,,,,,,,,,,,,,,,,,,,,,,,,,,,,,,,,,,,,,,,,,,,,,,,,,,,,,,,,,,,,,,,,,,,,,,,,,,,,,,,,,,,,,,,,,,,,,,,,,,,,,,,,,,,,,,,,,,,,,,,,,,,,,,,,,,,,,,,,,,,,,,,,,,,,,,,,,,,,,,,,,,,,,,,,,,,,,,,,,,,,,,,,,,,,,
2019-03-31 00:00:00.000000,,,,,,,,,,,,,,,,,,,,,,,,,,73880.0,,,,,,,,,,,,,,,,,,,,,,,,,,,,,,,,,,,,,,,,,,,,,,,,,,,,,,,,,,,,,,,,,,,,,,,,,,,,,,,,,,,,,,,,,,,,,,,,,,,,,,,,,,,,,,,,,,,,,,,,,,,,,,,,,,,,,,,,,,,,,,,,,,,,,,,,,,,,,,,,,,,,,,,,,,,,,,,,,,,,,,,,,,,,597497.0,124809.0,,,,,,,,,,,,,,,205706.0,205706.0,,593951.0,,,,,,,,,,,,,,,,1040250.0,,,,,,,,,,,,,,,,,,,,,,,,,,,,,,,,,222614.0,222614.0,222614.0,,,,,,,,,,,693026.0,,,,,,,,,,,,,,,,,,,,326568.0,,,,,,,,,,,,,,,,,,,,,,,,,,,,,,,,,,,,,,,,,,,,,,,,,,,,,,,,,,,,,,,,,,,,,,,,,,,,,,,,417536.0,,,,,,,,,,,,,,,,,,,,,,,,,,,,,,,,,,,,95936.0,95936.0,,,,,,,,,,,,,,,,,,,,,,,,,,,,,,,,,,,,,,,,,,,,,,,,,,,,458542.0,,,,,,,,,,,,,,,,,,,,,,,,,,,,,,,,,,,,,,1065014.0,,,,,,,,,,,,,,,,,,,,,,,,,,,,,,,,,,,,,,,,,,,,,,,,,,,,,,465228.0,,,,89174.0,,,,,,,,,,,,,,,,,,,,,,,,,,,,,,,,,,,,,,,,,,,,,,655791.0,,,,,,,,,,,,,,,,,,,,,,,,,,,,,,,,,,,,,,,,,,,,,,,,,,,,555576.0,,,,,,,,,,95314.0,,,,,,,,,,,694139.0,330388.0,,,,,,,,,,,,,,,,,,,987000.0,,,,,,,,,,,,,,,,,,,,,,,,,,,,,,,,,,,,,,,,,,,,,,,,,,,,,,,,,,,,,,,,,,,39496.0,,,,,,,,,,,,,,,,,,,,,,,,,,,,,,,,,,,,,,,,,,,,,1175427.0,,,,,,,,,,,,,,,,,,,,,,,,,,,,,,,440010.0,,,,,,,,,,,,,,,,,,,,,,,,,,,,,,,,,,,,,,,,,,,,,,,,,,,,,,,,,,,,,,,406591.0,,,,,,,,,,,,,,,363211.0,,530537.0,,,,415688.0,415688.0,,,,,,,,,,,,,,,,,,,,,,,,,,,526609.0,,,,,,,,,,,,,,,,,,
2019-04-30 00:00:00.000000,,,,,,,,,,,,,,,,,,,,,,,,,,,,,,,,,,,,,,,,,,,,,,,,346473.0,,,,,,,,,,,,,,,,,,,,,,,,,,,,,128403.0,,,,,,,,,,,,,,,,,,,,,,,,,,,,,,,,,,,,,,,,,,527726.0,527726.0,,,,,,,,,,,,,,,,,,,1954724.0,,,,,,,,,,,,,,,,,,,,,,,,,,,,,,,,,,,,,,,,,,,,,,,,,,,,,,,,,,,,,,,,,,,,,,,,,,,,,,,,,,,,,,,,,,,,,,,,,,,,,130294.0,,,,,,,,,,,,,,,,,,,,,,,,,,,,,,,,,,,,,,,,,,,,,,,,,,,,,,,,,,,,,,,,,,,,,,,,,,,,,,,,,,,,,,,,,,,,,,,,,,,,,,,,,,,,,,,,,,,,,,,,,,,,,,,,,,,,,,,,,,,,,,,,,,,,,,,,,,,,,,,,,,,,,,,,,,,,,,,,,,,,,,,,,,,,,,,,,,,,,,,,,,,,,,,,,,,,,,,,,,,,,,,,,,,,,,,,,,,,,,,,,,,,,,,539306.0,,,,,,,,,,,,,,,,,,,,,,,,,,,,,,,,,,,,,,,,,,,,,,,,,,,,,,,702570.0,,,,,,,,,,,,,,,,,,,,265800.0,,,,,,,,,,,,,,,,,,,,,,,,,,,,,,,,,,,,,,,,,,,,,,,,,,,,,,,,,,,,,,,,,,,,,,,,,,,,,,,,,,,,,,,,,,,,,,,,,,,,,,,,,,,,,,,,,,,,,,,,1190775.0,,,,,,,,,,,,,,,,,,,,,,,,,,,,,,,,,,,,,,,,,,,,,,,,,,,,,,,,,,,,,,,,,,,,,,,,,,,,,,,,,,,,,,,,,,,,,,,,,,,,,,,,,,,,,,,,,,,,,,,,,,,,,,,,,,,,,,,,,,,,,,,,,,,,,,,,,,,,,,,,,,,,,,,,,,,,,,,,,,,,,,,,,,,,,,,,,,,,,,,,,,,,,,,,,,,,,,,,,,,,,,,,,,,,,,,,,,,,,,,,,,,,,,,,,,,,,,,,,,,,,,,,,,,,,,,,,,,,,,,,,,,,,,,,,,,,,,,,,,,,,,,,,,,,,,
2019-05-31 00:00:00.000000,,,,,,,,,,,,,,,,,,,,,,,,,,,,,,329500.0,,,,,,,,,,,,,,,,,,,,,,156000.0,,,,,,,,,,,,,,,,,,,,,,,,,,,,,,,,,,,,,,,,,,,,,,,,,,,,,,,,,,,,,,,,,,,,,,,,,,,,,,,,,,222859.0,,,,,,,,,,,,,,,,,,,,,,,,,,,,,,,,,,,,,,,,,,,,,,,,,,,,,,,,,,,,,,,,,,,,,,,,,,,,,,,,,,,,,,,,,,,,,,,,,,,,,,,,,,,,,,,,,,,,,,,,,,,,,,,,,,,,,,,,,,,,,,,,,,,,,,,,,,,,,,,,,,,,,,,,,,,,,,,,,,,,,,,,,,,,,,,,,,,,,,,,,,,,,,,,,,,,,,,,,,,,,,,,,,,,,,,,,,,,,,,,,,,,,,,,,,,,,,,,,,,,,,,,,,,,,,,,,,,,,,,,,,,,,,,,,,,,,,,,,,,,,,,,,,,,,,,,,,,,,,,,,,,,,,,,,,,,,,,,,,,,,,,,,,,,,,,,,,,,,,,,,,,,,,,,,,,,,,,,,,,,,,,,,,,,,,,,,,,,,,,,,,,,1003500.0,,,,,,,,,,,,,,,,,,,,,,,,,,,,,,,,,929900.0,,,,,,,,,,,,,,,,,,,,,,,,,,,,,,,,,,,,,,191920.0,,,,,,,,,,,,,,,,,,,,,,,,,,,,,,,,,,,,,,,,,,,,,,,,,,,,,,,,,,,,,,,,,,,,,,,,,,,,,,,,,,,,,,,,,,,,,,,,,,,,,,,,,,,,,,,,,,,,,,,,,,,,,282439.0,,,,,,,,,,,,,,,,,,,,2261907.0,,,,,,,,,,,,,,,,,,,,,,,,874000.0,,,,,,,,,,,,,,,,,,,,,,,,,,,,,,,,,,,,,,,,,,,,,,,,,,,,,,,,,,,,,,,,,,,,,,,,,,,,,,,,,,,,,,,,,,,,,,,,,,,,,,,,,,,,,,,,,,,,,,,,,,,,,,,,,,,,,,,,,,,,,,,,,,,,,,,,,,,,,,,,,,,,,,,,,,,,,,,,,,,,,,,,,,,,,,,479955.0,,,,,,,,,,,,,,,,,,,,,,,
2019-06-30 00:00:00.000000,,,,,,,,,,,,,,,,,,,,,,,,,,,,,,,1007623.0,,,,,,,,,,,,,,,,,,,,,,,,,,,,,,,,,,,,,,,616147.0,,,,,,,,,,,2486102.0,,,,,,,,,,,,,,,,,,,,,,,301051.0,,,,,,,,,,,,,,,,,,,,,,,,,,,377867.0,,,,,,,,,,,,,,,,,,,,,,,1015000.0,,,,,,,,,,,,,,,,,,,,,,,,,,,,,,,,,,,,,,,,,,,,,,,,,,,,,,391000.0,,,,,444800.0,,,,,,,,805100.0,,,,,,,,,,,,,,,,,,,,,,,,,,,,,,,,,,,,,,,,,,,,,,,,,,,,522900.0,,,,,,,,,,,,,,,,,,,,,,,,,,239243.0,,,,,,,,,409491.0,,,,,,,,,,,551235.0,,,,,,,,,,,,,,,,,,,,,,179224.0,,,,,,,,,,,,,,,,,,,,,,,,,,,,,,,,,,,,,,,,,,,,,,,,,,,,,,,,445213.0,,,,,,,,,,,,,,,,,,,,,,,,,,,,,,,,,,,,,,,,,,,,,,521349.0,521349.0,,,,,,,,,,,,,,,,,,,,,,,,,,158270.0,,,,,,629661.0,,,,,,,,,,,,,,,,831496.0,,,,,,,,,,,,,326198.0,243610.0,,,,,,,,,,,,425900.0,,,,,,,,,,,,,,,,,,,,,,,,,,,,,,,,,,,,,2027300.0,2027300.0,,,,,,,,,,,,,,,,,,,,,,,,,,,,,,,,,131951.0,,,,,,,650100.0,,,,,,,,,,,,,,,,,,,,,,,,,,,,,,,,,,,,,,,,,,,,,,,,,,,,,,,,,,,,,,,,,,,,430594.0,,,,,,,264624.0,,,,,,,,,,,,,,,,,,,,,,,,,,,,,,,,,,,,,,,,,,,,,,,,,,,,,,,,,,61645.0,,,,,,,,,,,178353.0,,,487396.0,,,,,,,,,,,,,,,,,,,,,,,,,,,,,,,,,,,,,,452572.0,,,,,,,,,,,,,,,,,,,,,,,,,,,,,,,,,,,,,,,,,,,,,,,,,,,,,,,,,,,,,,268060.0,,,497100.0,,,,,,,,,,,473491.0,,,,,,,,,,,,,,,,,,,,,,,,,,,,,,,,,,,,,,,,,,,,,,,,,,66308.0,,,,,,,,,,,,,,,,,,,,,,,,,651400.0,,,,,,,,,,,,,,,,,,,,,,,,,,,,,,,,,,,,,,,,,,,,,,,,,,,,,,,,,,,,
2019-07-31 00:00:00.000000,,,,,,,,,,,,,,,,,,,,,,,,,,,,,,,,,,,,,,,,,,,,,,,,,,,,,,,,,,,,,,,,,,,3061300.0,,,,,,,,,,,,,,,,,,,,,,,,,,,,,,,,,,,,,,,,,,,,,,,,,,,,,,,,578678.0,,,,,,,,,,,,,,,,,,,,,,,435670.0,,,,,,,,,,,,,,,,,,,,,,,,,,,,,,,,,,,,,,427454.0,,,247440.0,,,,,,,,,,,,,,,,,,,,,,,,,,,,,,,,,,,,,,,,,,,,,,,,,,,,,,,,,948300.0,,,,,,,,,,,,,,,,,,,,,,,,,,,,,,,,,,,,,,,,,,,,,,,,,,,,,,,,,,,,,,,,,,,,,,,,,,,,,,,,,,,,,,,,,,,,,,,,,,,,,,,,,,,,,,,,,,,,,,,,,,,,,,,,,,,,,,,,,,,,,,,,,,,,,,,,,,,,,,,,,,,,,,,,,,,,,,,,,,,,,,,,,,,,,,,,,,,,,,,,,,,,,,,,,,,,,,,,,,,,,,,,,,,,,,,,,,,,,,,,,,,,,,,,,,,,,,,,,,,,,,,,,,,,,,,,,,,,,,,,,,,,,,,,,,,,,,,,,,,,,,,,,,,,,,,,,,,,,,,,,,,,,,,,,,,,,,,,,,,,,,,,,,,,,,,,,,,,,,,,,,,,,,,,,,,,,,,,,,,,,,,,,,,,,,,,,,,,,,,,,,,,,,,,,,,,,,,,,,,,,,,,,,,,,,,,,,,,,,,,,,,,,,,,,,,,,,,,,,,,,,,,,,,,,,,,,,,,,,,,,,,,,,,,,,,,,,,,,,,,,,,,,,,,,,,,,,,,,,,,,,,,,,,,,,,,,,,,,,,,,,,,,,,,,,,,,,,,,,,,,,,,,,,,,,,,,,,,,,,,,,,,,,,,,,,,,,,,,,,,,,,,,,,,,,,,,,,,,,,,,,973094.0,,,,,,,,,,,,,,,,,,,,,,,,,,,,,,,,,,,,,,,,,,,,,,,,,,,2785010.0,,,,,,,,,,,,,,,,,,,,,,,,,,,,,,,,,,,,,,,,,,,,,,,,,,,,,,,,,,,,,,,,,,,,,,,,,,,
2019-08-31 00:00:00.000000,,,,,,,,,,,,,,,,,,,,,,,,,,,,,,,,,,,,,,,,,,,,,,,,,,,,,,,,,,,,,,,,,,,,,,,,,,,,,,,,,,,,,1479700.0,,,,,,,,,,,,,,,,,,,,,,,,,,,,,,,,,,,,,,,,,,,,,,,,,,,,,,,,,,,,,,,,,,,,,,,,,,,,,,,,,,,,,,,,,,,,,,,,,,803488.0,,,,,,,,,,,,,,,,,,,,,,,,,,,,,,,,,,,,,,,,,,,,,,,,,,,,,,,,,,,,,,,,,,,,,,,,,,,,,,,,,,,,,,,,,,,,,,,,,,,,,,,,,,,,,,,,,,,,,,,,,,,,,,,,,,,,,,,,,,,,,,,,,771905.0,,,,,,,,,,,,,,,,,,,,,,,,,,,,,,,,,,,,366486.0,,,,,,,,,,,,,,,,,,,,,,,,,,,,,,,,,,,,,,,,,,,,,,,,,,,,,,,,,,,,,,,,,,,,,,,,,,,,,,,,,,,,,,,,,,,,,,,,,,,,,,,1913401.0,,,,,,,,,,,,,,,,,,,,,,,,,,,,,,,,,,,,,,,,,,,,,,,,,,,,,,,,,,114608.0,,,,,,,,,,,,,,,,,,,,,,,,,,,,,,,,,,,,,,,,,,,,,,,,,,,,,,,,,,,1432043.0,,,,,,,,,,,,,,,,,,,,,,,,,,,,,,,,,,,,,,,,,,,,,,,,,,,,,,,,,,,,,,,,,,,,,,,,,,,,,,,,,,,,,,,,,,,,,,,,,,,,,,,,,,,,,,,,,,,,,,,,,,,,,,,,,,,,,,,,,,,,,,,,,,,,,,,,,,,,,,,,,,,,,,,,,,,,,,,,,,,,,,,,,,,,,,,,,,,,,,,,,,,,,,,,,,,,,,,,,,,,,,,,,,,,,,,,,,,,,,,,,,,,,,,,,,,,,,,,,,,,,,,,,,,,,,,,,,,,,,,,,,,,,,,,,,,,,,,,,,,,,,,,,,,,,,,,,,,,,,,,,,,,,,,,,,,,670181.0,,,,,,,,,,,,,,,,,,,,,,,,,,,,,,,,,,,,,,,,,232340.0,,,,,,307197.0,,,,,,,,,,,,,,,,,,,,,,,,,,,,,
2019-09-30 00:00:00.000000,,,,,,,,,,,,,,813445.0,,,,801000.0,,,,,,,,,,,,,,,,,,,,,,,,,,,,,,,,,,,,,,,,,,,,,,,767000.0,,,,,,,,2043011.0,,,,,,,,,,,,,,,,,,,,,,,,,,,,,,,,,,,,,,,,,,,,,,,,,,,,316260.0,,,,,,,,,,,,,452447.0,,,,,,,,,,685000.0,,,442653.0,,,,,,,704041.0,704041.0,,,,,,,,,,,,,,,,,,,,,,,,,,,,,,,,,,486465.0,,,,,,,,,,,,,,,,,,,,,,,,,,,,,,,,431415.0,,,,,,,,,,,,,,,,,,,,,,,,,,,,119035.0,,,,,,,,,,,,,,,,,,,,,,,,,,,,,,,,,,,,,,,,,1003800.0,,,205197.0,,,966600.0,,,,304449.0,304449.0,304449.0,304449.0,,,,,,,,,,,,,494448.0,,,,,,,,,,,,,,823238.0,,,,,,,,,,,,,,,,,,,,,,,,,,,,,,,,,,,,31428.0,,595269.0,,,,,,,,,,,,,,,,,,,,481440.0,,,,,,65503.0,65503.0,,,,,,623000.0,,,,,,,,,,,,,,,1425000.0,,,,,,,,,,,,,322832.0,,,,,,,,,30061.0,,,,,,,,653200.0,,,,,,,,,,,,,,,344850.0,,,,,,,,,,350401.0,,,,,,,,,,,,,,254590.0,254590.0,,,,,,,,,,,,,,,,,,,,,,,,,,,,,,,,,,,,,,,,,,,124111.0,,,,,,,,,,,,,,542466.0,,,,,,,,,,,,,,,,,,,,,,,,,,671184.0,,,,,,,,,,,,,,,,,328930.0,,,,,,,,,,,,,,,,,,,,,,,1031407.0,,256855.0,,,,,,,,,,,,,,,,,,,,,,,,,,,,,,,,,,,,,,,,,,,,,,,,,,1517400.0,,,,,,,,,,,,,,,,,,,,,,,,,,,,,,,,,,,,291838.0,,,,,,1792100.0,,86976.0,,,,,,,,,,,,930253.0,,,,,,,,,,,,,,,,,,,,,,,,,,,,,,,,,,,,,,,,,,,,,,,,,,,591938.0,,1910542.0,,,,,,,,,,,,,,,,,,,,,,,,,,,,,,,,,1019600.0,,,,,,,,,,,,,,,633400.0,633400.0,86438.0,,,,,,,,,,,,,,,,,,,,,,,,,,,,,,,,,,,,,,,,,,,,,,,,,,,,,,,,,,,,,,,,,408183.0,,,,,,,,,,,,,,,,,,,,,2997300.0,,,,,,,,,,,,,,,,,,,,,,,,118325.0,,,,256700.0,,,,,,,,,,,810000.0,,,544188.0,544188.0,,,,,,,,,,,,,,,,,,,,,,,,,,,,,707543.0,,,,,,,,,,
2019-10-31 00:00:00.000000,,,,,,,,,731100.0,,,,,,,,,,,,,,,,,,,,,,,,,,,,,,,,,,,,,,,,,,,,,,,,,,,,,,,,,,,,,,,,,,,,,,,,,,,,,,,,,,,,,,,,,,,,,,,,,,,,,,,,,,,,,,,,,,,,,,,,,,,,,,,,,,,,,,,,,,,,,,,,,,,,,,,,,,,,,,,,,,,1542066.0,,,,,,,,,,,,,,,,,,,,,,,,,,,,,,,,,,,,,,,,,,,,,,,,,,,,,,,,,,,,128082.0,,,,,,,,,,,,,,,,,,,,,,,,,,,,,,,,,,,,,,,,,,,,,,,,,,,,,,,,,,,,,,,,,,,,,,,,,,,,,798738.0,,,,,,,,,,,,,,,,,,,,,,,,,,,,,,,,,,,,,,,,,,,,,,,,,,,,,,,,,,,959900.0,,,,,,,,,,,,,,,,,,,,,,,,,,,,,,,,,,,,,,,,,,,,,,,,,,,,,,,,,,,,,,,,,,,,,,,,,,,,,,,,,,,,,,,,,,,,,,,,,,,,,,,,,,,,,,,,,,,,,,2534000.0,,,,,,,,,,,,,,,,,,,,,,,,,,,,,,,,,,,,,,,,,,,,,,,,,,,,,,,,,,,,,,,,,,,,,,,,,,,,,,,,,,,,,,,,,,,,,,,,,,,,,,,,,,,,,,,,,,,,,,,,,1192103.0,,,,,,,,,,,,,,,,,,,,,,,,,,,,199421.0,,,,,,,,,,,,,,,,,,,,,,,,,,,,,,,,,,,,,,,,,,,,,,,,,,,,,,,,,,,,,120841.0,,,,,,,,,,,,,,,,,,,,,,,,,,,,,,,,,,,,,,,,,,,,,,,,,,,,,,,,,,,,,,,,,,,,,,279135.0,,,,,,,,,,,,,,,,,,,,,,,,,,,,,,,,,,,,,,,,,,,,,,,,,,,,,,,,,,,,,,,,,,,,,,,,,,,,,,,,,,,,,,,,,,,,,,,,,,,,,,,,,,,,,,1415348.0,,,,,,,,,,,1047963.0,,,,,,,,,,,,,92321.0,,,,,,,,,,,,,,,,,,,,,,,,,,,,,,,,,,,,,,,,,,,,,,,,,,,,,,,,,,,,,,,,,,,,,,,,,,,,,,,,,,,,,,,,,,,,
2019-11-30 00:00:00.000000,,,,,,,,,,,,,,,,,,,,,,,,,,,,,,,,,,,,,,,,,,,,,,,,,,,,,,,,,,,,,,,,,,,,,,,,,,,,,,,,,,,,,,,,,,,,,,,,,,,,,,,,,,,,,,,,,,,,,,,,,,,,,,,,,,,,,,,,,,,,,,,,,,,,,,,,,,,,,,,,,,,,,,,,,,,,,,,,,,,,,,,,,,,,,,,,,,,,,,,,,,,,,,,,,,,,,,,,,,,,,,,,,,,,,,,,,,,,,,,,,,,,,,,,,,,,,,,,,,,,,,,,,,,,,,,,,,,,,,,,,,,,,,,,,,,,,,,,,,,,,,,,,,,,,,,,,,,,,,,,,,,,,,,,,,,,,,,,,,,,,,,,,,,,,,,,,,,,,,,806922.0,,,,,,,,,,,,,,,,,,,,,,,,,,,,,,,,,,,,,,,,,,,,,,,,,,,,,,,,,,,,,,,,,,,,,,,,,,,,,,,,,,,,,,,,,,,,,,,,,,,,,,,,,,,,,,,,,,,,,,,,,,843819.0,,,,,,,,,,,,,,,,,,,,,,,,,,,,,,,,,,,,,,,,,,,,,,,,,,,,,,,,,,,,,,,,,,,,,,,,,,,,,,,,,,,,,,,,,,,,,,,,,,,,,,,,,,,,,,,,,,,,,,,,,,,,,,,,,,,,,,,,,,,,,,,,,,,,,,,,,,,,,,,,,,,,,,,,,,,,,,,,,,,,,,,,,,,,,,,,,,,,,,,,,,,,,,,,,,,,,,,,,,,,,,,,,,,,,,,,,,338057.0,,,,,,,,,,,,,,,,,,,,,,,,,,,,,,,,,,,,,,,,,,,,,,,,,,,,,,,,,,,,,,,,,,,,,,,,,,,,,,,,,,,,,,,,,,,,,,,,,,2897917.0,,,,,,,,,,,,,,,,,,,,,,,,,,,,,,,,,,,,,,,,,,,,,,,,,,,,,,,,,,,,,,,,,,,,,,,,,,,,,,,,,,,,,,,,,,,,,,,,,,,,,,,,,,,,,,,,,,,,,,,,,,,,,,,,,,,,,,,,,,,,,,,,,,,,,,,,,,,,,,,,,,,,,,,,,,,,,,,,,,,
2019-12-31 00:00:00.000000,3810403.0,46201.0,119425.0,234761.0,591607.0,307286.0,699197.0,1168900.0,,517435.0,3107462.0,640841.0,,,157559.0,157559.0,163967.0,,219167.0,246235.0,315652.0,2012304.0,,8237000.0,1984300.0,,106367.0,106367.0,397701.0,,,367900.0,204859.0,252706.0,753100.0,699400.0,94300.0,273227.0,543705.0,318764.0,220558.0,497000.0,1553336.0,805296.0,743465.0,131923.0,370370.0,,3523000.0,517892.0,,,85863.0,143393.0,174354.0,,377104.0,216430.0,315005.0,321163.0,-211425.0,3298381.0,1216497.0,1130000.0,,135472.0,,219999.0,239408.0,,637800.0,0.0,,1041334.0,1041334.0,541710.0,,177354.0,402200.0,,,353722.0,1775800.0,902600.0,,,546964.0,546964.0,258582.0,533867.0,,1121000.0,677628.0,211518.0,851100.0,355173.0,211367.0,793505.0,274274.0,274274.0,110697.0,173592.0,312022.0,,383124.0,200406.0,447909.0,447909.0,,1256996.0,185688.0,,668077.0,668077.0,681267.0,481999.0,163528.0,163528.0,,,675334.0,329623.0,,283093.0,,1076572.0,1076572.0,930625.0,1589902.0,779445.0,,1021242.0,,,,7282000.0,507133.0,,,464426.0,,618542.0,752100.0,538044.0,538044.0,,1349622.0,,589794.0,1063000.0,,326358.0,204009.0,,95736.0,95736.0,1148795.0,,,-23900.0,77046.0,1367907.0,535871.0,224296.0,48614.0,343000.0,617429.0,396000.0,,,165426.0,,308809.0,308809.0,147762.0,150026.0,150026.0,123690.0,882102.0,1024371.0,203497.0,164500.0,,,-22796.0,336800.0,,2072826.0,524715.0,4015800.0,761606.0,510207.0,,229829.0,1670502.0,591278.0,597900.0,392568.0,924200.0,300982.0,339103.0,225618.0,359122.0,144145.0,662114.0,1179000.0,1179000.0,,1508550.0,958311.0,617056.0,617056.0,,,,183013.0,,471688.0,1371700.0,433290.0,,153110.0,153110.0,157575.0,,358248.0,98163.0,435369.0,484353.0,,,,,898745.0,432382.0,557920.0,830025.0,5112000.0,26868.0,,1131000.0,774820.0,1067100.0,,159589.0,278041.0,,149800.0,,638519.0,638519.0,332300.0,,382814.0,465807.0,,633000.0,1195780.0,1195780.0,708457.0,586000.0,1009498.0,-213380.0,339825.0,,1402499.0,299733.0,119799.0,59547.0,59547.0,347224.0,,,375450.0,672500.0,347646.0,209834.0,754781.0,754781.0,353516.0,353516.0,,,,137079.0,238113.0,134995.0,4437100.0,503463.0,835900.0,766787.0,1355868.0,1345026.0,,,291107.0,,571863.0,,,591230.0,33894.0,1342100.0,,,,,,,1995731.0,273995.0,1662901.0,934678.0,335856.0,,139193.0,,200665.0,,,6199225.0,198132.0,636642.0,355347.0,1018347.0,817821.0,139022.0,,428103.0,74139.0,615627.0,386955.0,1814075.0,,884747.0,,501943.0,1968265.0,520400.0,751361.0,,309399.0,1147000.0,1147000.0,237496.0,264971.0,1099438.0,242735.0,309399.0,,274312.0,128935.0,549212.0,148883.0,322800.0,-29872.0,1650300.0,5050000.0,,824560.0,287885.0,867300.0,608842.0,,788316.0,,709509.0,,617164.0,,,,859756.0,0.0,301012.0,-16999.0,,147542.0,,605393.0,605393.0,277900.0,688308.0,8096000.0,8096000.0,1816000.0,392606.0,32291.0,336800.0,115677.0,,,,612953.0,,203424.0,,,,242474.0,227901.0,348674.0,,232144.0,,,487468.0,223012.0,137838.0,1430485.0,263822.0,217681.0,833762.0,655211.0,511303.0,59361.0,59361.0,,282220.0,,359452.0,725614.0,54449.0,150222.0,169342.0,107671.0,1352700.0,521070.0,434567.0,1210531.0,,,,952876.0,1937000.0,588598.0,434820.0,471864.0,546428.0,163984.0,1125034.0,,,,502747.0,171861.0,1312000.0,216151.0,1112000.0,,261016.0,466200.0,445936.0,,543927.0,415300.0,115929.0,115929.0,115929.0,355010.0,752319.0,910100.0,262067.0,408051.0,,439655.0,,1405600.0,2210000.0,,598100.0,1134731.0,,1405600.0,,,10030600.0,907125.0,298900.0,240805.0,,653000.0,968400.0,,588721.0,,,,,,5039200.0,,328000.0,754420.0,342800.0,4401.0,414429.0,591207.0,230821.0,230821.0,392117.0,392117.0,1953800.0,1163566.0,,,539202.0,151790.0,1548000.0,1007587.0,541449.0,436479.0,108935.0,755354.0,755354.0,1079800.0,1079800.0,,744758.0,438000.0,403686.0,,79853.0,182739.0,,174811.0,124358.0,936720.0,936720.0,212731.0,,303000.0,,379575.0,570409.0,137967.0,137967.0,,136357.0,4985.0,3080787.0,,3375100.0,332982.0,329098.0,629172.0,,325100.0,126874.0,329482.0,3972518.0,891998.0,692122.0,692122.0,,,713580.0,713580.0,933380.0,,536858.0,,229290.0,76532.0,578854.0,494429.0,,224425.0,830431.0,368959.0,,395006.0,,432366.0,1421400.0,,-120674.0,2303000.0,,,830205.0,346325.0,636612.0,,386353.0,317356.0,700194.0,259144.0,,,440600.0,1064089.0,1126500.0,167685.0,171312.0,,214158.0,214158.0,1016324.0,1016324.0,1996000.0,290995.0,1114052.0,451420.0,451420.0,1921000.0,,117813.0,,629869.0,629869.0,126593.0,,482000.0,,110583.0,370114.0,642831.0,183400.0,71925.0,403800.0,135381.0,277549.0,1138098.0,732934.0,,294228.0,1838996.0,855713.0,1549899.0,865800.0,459873.0,939890.0,282945.0,,1041630.0,201187.0,1105829.0,448489.0,448489.0,1170216.0,2464000.0,333121.0,388627.0,359348.0,952900.0,535600.0,928830.0,98244.0,,670800.0,1208000.0,98244.0,214765.0,,670800.0,436912.0,1128491.0,796337.0,249656.0,7213600.0,7213600.0,64041.0,,,172608.0,94583.0,,984264.0,1130421.0,,511806.0,422871.0,796426.0,913100.0,913100.0,796426.0,,1282986.0,145032.0,384864.0,,52111.0,200234.0,2346900.0,2346900.0,2346900.0,,170883.0,361767.0,31818.0,260368.0,1648782.0,1648782.0,,,,,,,,257151.0,896281.0,832384.0,657200.0,924925.0,,213402.0,,463192.0,1009895.0,993056.0,876641.0,211314.0,,2100829.0,235290.0,108792.0,,301503.0,,-306885.0,436654.0,202300.0,523831.0,363200.0,1494644.0,252090.0,,1370577.0,,860700.0,1644071.0,,530069.0,80947.0,,14300000.0,151146.0,,26992.0,99548.0,,,2233000.0,1006625.0,209994.0,172652.0,4178730.0,,314292.0,218990.0,1021884.0,,172871.0,1915815.0,1190900.0,554832.0,3329400.0,3329400.0,125714.0,304471.0,54157.0,153206.0,939985.0,,875816.0,1521017.0,249653.0,,614166.0,,300350.0,,1339541.0,553264.0,211279.0,,760580.0,339714.0,,,479338.0,920557.0,812920.0,,3293019.0,309190.0,309190.0,1894818.0,790621.0,2116000.0,147912.0,686017.0,,2846491.0,1357279.0,559318.0,320614.0,2491157.0,777856.0,510284.0,341184.0,713744.0,1672242.0,264736.0,,331800.0,,1051923.0,1051923.0,1951703.0,,1057829.0,1057829.0,303828.0,130217.0,0.0,186885.0,1243830.0,441100.0,,,,492130.0,473565.0,372347.0,93488.0,299349.0,1940008.0,,1043862.0,1530984.0,416634.0,997137.0,116062.0,376095.0,376095.0,290000.0,1247000.0,737376.0,322700.0,,414873.0,572473.0,,1029910.0,626158.0,1733329.0,1049587.0,1733329.0,657472.0,955000.0,2839000.0,1243300.0,,,1339829.0,887800.0,1491612.0,168784.0,,1071260.0,6718000.0,4890700.0,,288335.0,796800.0,525454.0,327744.0,493479.0,1141800.0,,282725.0,22600.0,,610162.0,979067.0,1342200.0,197016.0,1038224.0,306503.0,1780900.0,528765.0,639400.0,174398.0,,400817.0,,91799.0,401683.0,401683.0,1187100.0,1187100.0,453100.0,119124.0,496213.0,516900.0,516900.0,,726529.0,557671.0,196800.0,263408.0,170203.0,1208146.0,,685518.0,995000.0,,77163.0,825116.0,825116.0,1027727.0,1256595.0,,,897587.0,14333.0,,291100.0,112474.0,1331200.0,939351.0,,1767000.0,-362500.0,324000.0,158194.0,678262.0,602132.0,,122966.0,,1112568.0,692496.0,,,562259.0,,1453200.0,,671200.0,671200.0,671200.0,,,90169.0,,2278000.0,204202.0,,,1240442.0,1240442.0,471051.0,,354860.0,605741.0,427412.0,126140.0,1063921.0,,867000.0,158571.0,165971.0,,306382.0,,425017.0,1171000.0,7932911.0,486625.0,,,1156956.0,82347.0,605700.0,1459173.0,556590.0,677500.0,,322243.0,923800.0,2103000.0,855000.0,855000.0,271607.0,9040716.0,2100000.0,279900.0,
2020-01-31 00:00:00.000000,,,,,,,,,,,,,,,,,,,,,,,1522301.0,,,,,,,,,,,,,,,,,,,,,,,,,,,,2150918.0,,,,,,,,,,,,,,,,,,,,,,,,,,,,,,,,,,,,,,,,,,,,,,,,,,,,,,,,,,2114682.0,,,377474.0,,,,,,,,,,,,,,,,,,,,,1184360.0,,,,,,,,316429.0,,,,,,,,,,,,,,,,,,,,,,,,,,,,701878.0,701878.0,,,,,,,,,,,,,,,,,,,,,,,,,,,,,,,,,,,,,,,,,,,,,,,,,,,,,,,,,,,,,,,,,,,,,,,,,,,,,2107233.0,,,,,,,,,2554558.0,,,,,,,,,,,,,,,,559952.0,,,,,,,,,,,,,,,,,,,,,,,,,,,,,,,,,,,,,,,,,,,,,550575.0,,,,,,,,,,,,,,,,,,,673966.0,,,,,,,,,,,,,,149536.0,,,,,,,,,,,,,,,,1063115.0,,,,,1015708.0,,,,,,1117940.0,,1908700.0,,,,,,,,,,,,,,,,,,,,,,,,,,,383451.0,,,,,,,,,,,,325909.0,,,,,,,,,,,,,,,,,,,,,,,,,,,,,,,,,,,,,,,,,,,,,,,,,,,,,,,4154000.0,,,,,,,,,,,,,,,165434.0,,,,,,,,,,,,,,,,,,,,,,,,,,,,,,,,,,,,,,,,,,,,,,,,,,,,,,,,,,,,,,,,,,,,,,,,,,,,,,,1872257.0,,,,,,,,,,,,374889.0,,,,,,,,,,,,,,,,,,,,,,,,,,,,,,,,,,,,,,,,,,,,,,,,,,,,,,,,,,,,,,,,,,,,,,,555589.0,,,,,555589.0,,,,,,,,,,,,,644967.0,,,,,,,,,,,,,,,,,,,,,,,,,,,,,798410.0,655305.0,,,,,,,,,,,,,,,,,,,,,,,,,,,,,,,,,123747.0,,,,,,12485.0,,,,,,,1095011.0,,,,,,,,,,,,,,,,,,,,,,,,,,706000.0,,,,,,,,,,,,311869.0,,,,,,,,,,,,,2223700.0,,,,,,,,,,,,,,336684.0,,,,,,,,,,,,,,,,,,,,,,,,,,,,,,,,,,,,,,,,,,,,,,,2297647.0,,,,,,,,,,,,,,,,,1168612.0,,,,,,,,,,,,,,,,,,,,,,,,,,,,,,,,,,,,,,,,,,,,,,,1239826.0,,,,,,,,,,,,,,,,,271801.0,,,,,,,,,,,,,,,,,,,,,,,,,,,,,,,,,,,,,,2139092.0,,,,,,,,,,,,,,,,,366563.0
2020-02-29 00:00:00.000000,,,,,,,,,,,,,,,,,,,,,,,,,,,,,,,,,,,,,,,,,,,,,,,,,,,,,,,,318959.0,,,,,,,,,,,,,,,,,,,,,,,,,,,,,,237228.0,,,,,3541660.0,,,,,,,,,,,,,,,,,,,,,,,,,,,,,,,,,,,,,,,,,,,,,,,,,,,,,,,,,,,,,,,,,,,,,,,,,,,,,,,,,,,,,,,,,,,,,,,,,,,,,,,,,,,,,,,,,,,,,,,,,,,,,,,,,,,,,,,,,,,,,,,,,,,,,,,,,,,,,,,,,,,,,,,,,,,,,,,,,,,,,,,,,,,,,,,,,,,,,,,,,,,,,,,,,,,,,,,,,,,,,,,,,,,,,,,,,,,,,,,,,,,,,,,,,,,,,,,,,,,,,,,,,,,,,,,,,,,,,,,,,,,,,,,,,,,,,,,,,,,,,,,,,,,,,,,,734466.0,,,,,,,,,,,,,,,,,,,,,,,,,,,,,,,,,,,,,,,,,,,,,,,,,,,,,,,,,,,,,,,,,,,,,,,,,,,,,,,,,,,,,,,,,,,,,,,,,,,,,,,,,,,,,,,,,,,,,,,,,,,,,,,,,,,,,,,,,,,,,,,,,,,,,,,,,,,,,,,,,,,,,,,,,,,,,,,,,,,,,,,,,,,,,,,,,,,,,,,,,,,,,,,,,,,,,,,,,,,,,,,,,,,,,,,,,,,,,,,,,,,,,,,,,,,,,,,,,,,,,,,,,,,,,,,,,,,,,,,,,,,,,,,,,,,,,,,,,,,,,,,,,,,,,,,,,,,,,,,,,,,,,,,,,,,,,,,,,,,,,,,,,,,,,,,,,,,,,,,,,,,,,,,,,,,,,,,,,,,,,,,,,,,,,,,,,,,,,,,,,,,,,,,,,,,,,,,,,,,,,,,,,,,,,,,,,,,,,,,,,,,,,,,,,,,,,,,,,,,,,,,,,,,,,,,,,,,,,,,,,,,,,,,,,,,,,,,,,,,,,,,,,,,,,,,,,,,,,,,,,,,,,,,,,,,,,,,,,,,,,,,,,,,,,,,,,,,,,,,,,,,,,,,,,,,,,,,,,,,,,,,,,,,,,
2020-03-31 00:00:00.000000,,,,,,,,,,,,,,,,,,,,,,,,,,,,,,,,,,,,,,,,,,,,,,,,,,,,,,,,,,,,,,,,,,,,,,,,,,,,,,,,,,,,,,,,,,,,,,,,,,,,,,,,,,,,,,,,,,,,,,,,,,,,,,,,,,,,,,,,,,,,,,,,,,,,,,,,,,,,,,,,,,,,,,,,,,,,,,,,,,,,,,,,,,,,,,,,,,,,,,,,,,,,,,,,,,,,,,674167.0,,,,,,,,,,,,,,,,,,,,,,,,,,,,,,,,,,,,,,,,,,,,,,,,,,,,,,,,,,,,,,,,,,,,,,,,,,,,,,,,,,,,,,,,,,,,,,,,,,,,,,,,,,,,,,,,,,,,,,,,,,,,,,,,,,,,,,,,,,,,,,,,,,,,,,,,,,,,,,,,,,,,,,,,,,,,,,,,,,,,,484513.0,,,,,,,,,,,,,,,,,,,,,,,,,,,,,,,,,,,,,,,,,,,,,,,,,,,,,,,,,,,,,,,,,,,,,,,,,,,,,,,,,,,,,,,,,,,,,,,,,,,,,,,,,,,,,,,,,,,,,,,,,,,,,,,1072010.0,,,,,,,,,,,,,,,,,,,,,,,,,,,,,,,,,,,,,,,,,,,,,,,,,,,,,,,,,,,,,,,,,,,,,,,,,,,,,,,,,,,,,,,,,,,,,,,,,,,,,,,,,,,,,,,,,,,,,,,,,,,,,,,,,,,,,,,,,,,,,,,,,,,,,,,,,,,,,,,,,,,,,,81246.0,,,,,,,,,,,,,,,,,,,,,,,,,,,,,,,,,,,,,,,,,,,,,,,,,,,,,,,,,,,,,,,,,,,,,,,,,,,,,,,,,,,,,,,,,,,,,,,,,,,,,,,,,,,,,,,,,,,,,,,,,,,,,,,,,,,,,,,,,,,,,,,,,,,,,,,,,,,,,,,,,,,,,,,,,,,,,,,,,,,,,,,,,,,,,,,,,,,,,,,,,,,,,,,,,,,,,,,,,,,,,,,,,,,,,,,,,,,,,,,,,,,,,,,,,,,,,,,,,,,,,,,,,,,,,,,,,,,,,,,,,,,,,,,,,,,,,,,,,,,,,,,,
2020-05-08 22:45:43.993379,3810403.0,46201.0,119425.0,242414.0,591607.0,307286.0,770068.0,1162100.0,748400.0,522973.0,3054442.0,640841.0,0.0,782083.0,146477.0,146477.0,175619.0,924000.0,219167.0,247824.0,362143.0,2012304.0,1522301.0,8237000.0,1978100.0,80891.0,114860.0,114860.0,395402.0,327500.0,986797.0,355000.0,204859.0,218146.0,753100.0,688100.0,252300.0,267783.0,543705.0,318764.0,220558.0,497000.0,1499578.0,819178.0,743465.0,131923.0,354349.0,341039.0,3523000.0,517892.0,2150918.0,161392.0,85863.0,143393.0,174354.0,295543.0,353894.0,0.0,315005.0,333980.0,-502276.0,3165084.0,1213335.0,1147000.0,767000.0,118162.0,3008800.0,219999.0,239408.0,634615.0,641500.0,0.0,2086089.0,1036303.0,1036303.0,541710.0,136957.0,177354.0,402200.0,2762500.0,2183510.0,359527.0,1773300.0,902600.0,1478000.0,206023.0,537338.0,537338.0,238804.0,537805.0,3541660.0,1027300.0,677628.0,211518.0,0.0,351945.0,217603.0,777150.0,268303.0,268303.0,112249.0,173592.0,305338.0,276111.0,399961.0,189967.0,447909.0,447909.0,2114682.0,1256996.0,185688.0,377474.0,667298.0,667298.0,697528.0,484208.0,166393.0,166393.0,494545.0,494545.0,678842.0,324815.0,572861.0,284504.0,338931.0,1138825.0,1138825.0,930625.0,1499697.0,779445.0,405116.0,1011812.0,1184360.0,70832.0,143436.0,7137000.0,500578.0,450327.0,2071984.0,464426.0,316429.0,612786.0,756500.0,538044.0,538044.0,442647.0,1337246.0,660000.0,595915.0,1065000.0,472002.0,326358.0,204009.0,950100.0,95736.0,95736.0,1148795.0,705125.0,705125.0,-6300.0,77046.0,1482089.0,534706.0,241814.0,52841.0,316900.0,641399.0,396000.0,701878.0,701878.0,165426.0,1589260.0,329492.0,329492.0,131024.0,145630.0,145630.0,150819.0,911775.0,1059793.0,173486.0,174900.0,950350.0,455643.0,-220803.0,351500.0,247440.0,2072826.0,522436.0,3765400.0,759183.0,328614.0,446368.0,231498.0,1637958.0,592290.0,609500.0,398968.0,924200.0,328762.0,339103.0,225540.0,359122.0,143143.0,662114.0,1161000.0,1161000.0,286200.0,1420946.0,958311.0,613603.0,613603.0,457700.0,674167.0,127788.0,182911.0,850407.0,470269.0,1361500.0,433290.0,905200.0,153110.0,153110.0,149859.0,416274.0,382477.0,98163.0,475483.0,477005.0,234413.0,234413.0,113053.0,563405.0,898745.0,422832.0,557920.0,830025.0,4955000.0,26868.0,134882.0,1037000.0,796563.0,1047800.0,938900.0,166665.0,269468.0,2107233.0,155309.0,1113980.0,638519.0,638519.0,332300.0,119716.0,364670.0,465807.0,2554558.0,586000.0,1195780.0,1195780.0,710800.0,545000.0,1009498.0,-245349.0,337130.0,309188.0,1420367.0,299733.0,119799.0,59472.0,59472.0,347224.0,559952.0,512400.0,375450.0,689300.0,338463.0,209834.0,754781.0,754781.0,353516.0,353516.0,240326.0,240326.0,240326.0,137398.0,244416.0,134995.0,4489500.0,539883.0,742600.0,766787.0,1380175.0,1345026.0,1029600.0,786336.0,291107.0,175869.0,544258.0,248404.0,966200.0,580400.0,37790.0,1342100.0,301008.0,301008.0,301008.0,301008.0,390496.0,820049.0,2006244.0,273995.0,1675006.0,944318.0,327201.0,323931.0,160620.0,580347.0,227527.0,563779.0,494468.0,6308587.0,188986.0,646921.0,357986.0,1021857.0,817959.0,139022.0,751747.0,428914.0,74139.0,616951.0,402003.0,1964630.0,871960.0,932761.0,673966.0,512371.0,1968265.0,520400.0,760368.0,186107.0,316288.0,1150261.0,1150261.0,237496.0,264971.0,1099438.0,242735.0,316288.0,149536.0,274312.0,119736.0,549212.0,147918.0,327300.0,-29872.0,1738900.0,5050000.0,797259.0,830355.0,278568.0,855900.0,636019.0,418634.0,788316.0,1059022.0,709509.0,1009700.0,617164.0,38828.0,1015708.0,616672.0,842345.0,0.0,316916.0,-16999.0,1117940.0,148800.0,1908700.0,605393.0,605393.0,281656.0,675251.0,7729000.0,7729000.0,1800997.0,392606.0,41192.0,361100.0,117551.0,187555.0,460934.0,587734.0,519622.0,484513.0,202481.0,458392.0,77524.0,77524.0,242474.0,241049.0,330439.0,734466.0,232964.0,647800.0,383451.0,506254.0,217901.0,123594.0,1430485.0,286237.0,217681.0,840166.0,654906.0,511844.0,38540.0,38540.0,325909.0,287341.0,1451600.0,359452.0,724187.0,54449.0,153109.0,153780.0,110725.0,1358900.0,498375.0,434567.0,1236349.0,98943.0,98943.0,343946.0,952876.0,1911000.0,588598.0,434820.0,457976.0,539316.0,163984.0,1113156.0,33584.0,537416.0,537416.0,519428.0,165818.0,1319000.0,216151.0,1119600.0,674700.0,284511.0,462300.0,445936.0,135019.0,502336.0,427602.0,115929.0,115929.0,115929.0,355010.0,736622.0,900700.0,263600.0,408051.0,341855.0,439270.0,1922841.0,1445400.0,2210000.0,178651.0,613500.0,1134731.0,4154000.0,1445400.0,341594.0,686370.0,10302000.0,803282.0,301500.0,240805.0,893073.0,686000.0,940100.0,454885.0,570550.0,2611000.0,552888.0,183751.0,263885.0,263885.0,5039200.0,641736.0,315700.0,755457.0,342800.0,6966.0,426627.0,606591.0,230821.0,230821.0,392117.0,392117.0,1964000.0,1163566.0,347169.0,198611.0,565213.0,151790.0,1587000.0,986488.0,509933.0,476739.0,97787.0,755354.0,755354.0,1043900.0,1043900.0,601300.0,753166.0,438000.0,403686.0,1072010.0,80872.0,187278.0,128966.0,168729.0,123274.0,944213.0,944213.0,220246.0,514536.0,330000.0,120342.0,379575.0,557579.0,138841.0,138841.0,1034600.0,136357.0,4985.0,3080787.0,739512.0,3294300.0,330820.0,348872.0,663159.0,531782.0,325400.0,122092.0,314456.0,3663086.0,891998.0,712926.0,712926.0,1951400.0,1951400.0,713580.0,713580.0,933380.0,322725.0,546951.0,281500.0,229290.0,83083.0,578854.0,518466.0,1978402.0,228785.0,871913.0,401977.0,950900.0,388822.0,687369.0,431514.0,1411600.0,484649.0,-120674.0,2308000.0,374889.0,107767.0,941377.0,359766.0,643989.0,1400492.0,384039.0,501341.0,760245.0,235407.0,143110.0,311125.0,437700.0,1253427.0,1245300.0,153370.0,168236.0,560800.0,232914.0,232914.0,1006945.0,1006945.0,1732000.0,297060.0,1091893.0,452280.0,452280.0,1907000.0,1186321.0,130427.0,195080.0,657907.0,657907.0,125990.0,1024142.0,499500.0,275535.0,110338.0,408095.0,653640.0,183400.0,71925.0,399600.0,117350.0,277549.0,1138098.0,740239.0,659475.0,278461.0,1754272.0,843447.0,1489065.0,851200.0,465433.0,915388.0,282945.0,200340.0,1036886.0,201187.0,1034814.0,448489.0,448489.0,1175848.0,2452000.0,330446.0,430092.0,359348.0,952900.0,545141.0,958166.0,150240.0,555589.0,515600.0,1178000.0,150240.0,186124.0,555589.0,515600.0,436912.0,1128491.0,804287.0,249656.0,6046550.0,6046550.0,74717.0,432112.0,1413100.0,181461.0,92634.0,644967.0,984264.0,1119631.0,256942.0,511806.0,425804.0,897072.0,913100.0,913100.0,897072.0,546559.0,1248466.0,154365.0,384864.0,1197166.0,52111.0,205287.0,2346900.0,2346900.0,2346900.0,81246.0,170883.0,363584.0,31818.0,260368.0,1589182.0,1589182.0,19542.0,129341.0,798410.0,655305.0,779093.0,380638.0,289454.0,257151.0,919599.0,840123.0,660600.0,939923.0,1837100.0,213402.0,103781.0,466401.0,1009895.0,951882.0,876132.0,211314.0,359344.0,2133576.0,234530.0,108792.0,1075000.0,302224.0,1007650.0,-374819.0,436654.0,202300.0,271643.0,305100.0,1494644.0,252090.0,55194.0,1237640.0,123747.0,829400.0,1644071.0,276256.0,650134.0,80947.0,17615.0,14083969.0,161465.0,219352.0,26992.0,99548.0,474227.0,1095011.0,2249000.0,860922.0,210338.0,183570.0,4267970.0,0.0,294528.0,218515.0,1046822.0,2348300.0,172871.0,1603616.0,1186400.0,554832.0,3243200.0,3243200.0,125714.0,304471.0,54157.0,154542.0,939985.0,243701.0,836287.0,1512584.0,260367.0,616000.0,637599.0,531802.0,304605.0,1866117.0,1339541.0,551004.0,220771.0,874100.0,747790.0,334374.0,445863.0,311869.0,533236.0,932502.0,834642.0,109302.0,3431747.0,319782.0,319782.0,2004301.0,873571.0,2116000.0,148357.0,686017.0,2207100.0,2812429.0,1334104.0,559318.0,320614.0,2448316.0,777856.0,523576.0,328254.0,732847.0,1946030.0,225611.0,1039300.0,324232.0,371588.0,1091821.0,1091821.0,1952267.0,2917341.0,1054298.0,1054298.0,303828.0,125048.0,0.0,191966.0,1243830.0,472000.0,632000.0,632000.0,86603.0,511542.0,473565.0,370395.0,104164.0,310070.0,1981390.0,1134553.0,1048088.0,1512643.0,416634.0,1015931.0,116062.0,391508.0,391508.0,290000.0,1041000.0,737376.0,322700.0,266609.0,411541.0,575497.0,491900.0,1037047.0,605622.0,1918348.0,1013086.0,1918348.0,656761.0,955000.0,2852000.0,1254000.0,2276781.0,498140.0,1457744.0,786700.0,1501266.0,168784.0,608325.0,1071260.0,6635000.0,4727400.0,1189459.0,288335.0,796800.0,475615.0,327744.0,493479.0,1118100.0,1168612.0,284290.0,22600.0,1367914.0,662493.0,665307.0,1417500.0,0.0,1062336.0,326834.0,1780900.0,551726.0,631200.0,173916.0,1120434.0,410451.0,419765.0,95006.0,394340.0,394340.0,1107200.0,1107200.0,453100.0,119124.0,451632.0,529983.0,529983.0,92506.0,730724.0,561364.0,217665.0,262071.0,170203.0,1208146.0,66833.0,701379.0,995000.0,3220700.0,77258.0,825116.0,825116.0,1027069.0,1232298.0,692127.0,3157398.0,897587.0,14333.0,1239826.0,291100.0,112474.0,1330600.0,938040.0,367132.0,1732000.0,-494700.0,311000.0,158194.0,678262.0,602132.0,680200.0,119211.0,114193.0,1092983.0,714118.0,271801.0,257800.0,576266.0,370153.0,1453200.0,677945.0,671200.0,671200.0,671200.0,373489.0,373489.0,90169.0,838000.0,2467683.0,204831.0,571078.0,571078.0,1233965.0,1233965.0,499877.0,227496.0,355362.0,605741.0,426447.0,129216.0,1081125.0,328167.0,849000.0,158571.0,170418.0,340762.0,306382.0,479450.0,425017.0,1171000.0,7821076.0,486625.0,561317.0,2139092.0,1170811.0,82347.0,625900.0,1490068.0,556590.0,677500.0,743047.0,390865.0,885400.0,1804000.0,671000.0,671000.0,333328.0,8202386.0,2072000.0,272058.0,344475.0
